model,region,n,n_mal,roc_auc,f1@0.5,fnr@0.5,fpr@0.5,tpr@0.01,tpr@0.001,novel_tpr@0.01,singleton_tpr@0.01,known_tpr@0.01,lowcons_tpr@0.01,n_novel,n_single,fpr_at_iid_thr
gtformer_full,IID,15286,6981,0.9932896385743328,0.9647075465025815,0.023062598481592866,0.04069837447320891,0.8762354963472282,0.39106145251396646,0.07692307692307693,0.7025,0.8883982947624848,0.8292134831460675,13.0,400.0,
gtformer_full,NEAR,208337,66493,0.8201159205462443,0.6898787733034052,0.41759282932037955,0.04970249005950199,0.1907870001353526,0.0466214488743176,0.11969480209823558,0.07283570088448137,0.23423746701846965,0.03949963916285783,4194.0,14924.0,
gtformer_full,FAR,612430,213274,0.8481985164705858,0.38480466536260766,0.7532610632332117,0.019060217057992365,0.16652756547914888,0.07238575728874594,0.11927208945406709,0.04173249878463782,0.4641539586202207,0.04274464333164239,22805.0,131648.0,
gtformer_full,year2013,9489,4729,0.9934516331379243,0.9646248565167485,,,0.8722774370902939,,,,,,,,0.010294117647058823
gtformer_full,year2014,5797,2252,0.9929273963028006,0.9648814749780509,,,0.8845470692717584,,,,,,,,0.009026798307475317
gtformer_full,year2016,109193,45134,0.9377615662868367,0.8340241010038092,,,0.463708069304737,,,,,,,,0.020871384192697358
gtformer_full,year2017,99144,21359,0.5733044995283118,0.27185882516413656,,,0.05688468561262231,,,,,,,,0.025621906537250112
gtformer_full,year2018,104292,39350,0.556938208610502,0.2442392444910808,,,0.06007623888182973,,,,,,,,0.014643836038311108
gtformer_full,year2019,91050,41585,0.8999136806877961,0.5736301369863014,,,0.2555248286641818,,,,,,,,0.009986859395532195
gtformer_full,year2020,102073,46355,0.884241735648407,0.4127358099251713,,,0.1294574479559918,,,,,,,,0.006191894899314405
gtformer_full,year2021,81155,35627,0.8772169853478605,0.21039938971872924,,,0.03994161731271227,,,,,,,,0.002262344052011949
gtformer_full,year2022,86416,41648,0.9143168189027026,0.427997533586203,,,0.11873319247022666,,,,,,,,0.0010051822730521801
gtformer_full,year2023,54354,7892,0.8519702174526351,0.2525037289580226,,,0.07526609224531171,,,,,,,,0.0011407171451939218
gtformer_full,year2024,48427,794,0.7746881448370387,0.06376811594202898,,,0.007556675062972292,,,,,,,,0.00023093233682531017
gtformer_full,year2025,44663,23,0.647694113292816,0.0,,,0.0,,,,,,,,0.00029121863799283157
gtformer_plain,IID,15286,6981,0.9947341545698866,0.9681710893355268,0.030511388053287458,0.027934978928356412,0.9269445638160722,0.5860191949577425,0.07692307692307693,0.78,0.9375761266747868,0.8786516853932584,13.0,400.0,
gtformer_plain,NEAR,208337,66493,0.8381221387529353,0.6557929626786015,0.4733280194907734,0.03728744254251149,0.2480110688343134,0.11586182004120735,0.0898903195040534,0.08342267488608952,0.3138575197889182,0.06230454654799134,4194.0,14924.0,
gtformer_plain,FAR,612430,213274,0.8685740584717553,0.3536379018612521,0.7814689085401878,0.009282085199771518,0.23043127619869277,0.07518497332070483,0.18868669151501863,0.09945460622265435,0.5397562095170092,0.08813440587482185,22805.0,131648.0,
gtformer_plain,year2013,9489,4729,0.9947305735573991,0.9694479561736199,,,0.9340241065764432,,,,,,,,0.010084033613445379
gtformer_plain,year2014,5797,2252,0.9944554534818759,0.9654711517041658,,,0.9120781527531083,,,,,,,,0.009590973201692525
gtformer_plain,year2016,109193,45134,0.941458441345421,0.7980194553502213,,,0.5163734656799752,,,,,,,,0.022853931531869057
gtformer_plain,year2017,99144,21359,0.6300552175924159,0.23173277661795408,,,0.07107074301231331,,,,,,,,0.017844057337532943
gtformer_plain,year2018,104292,39350,0.6618961814700298,0.24813620148249418,,,0.11097839898348158,,,,,,,,0.01556773736564935
gtformer_plain,year2019,91050,41585,0.9307648676233073,0.5415724175748852,,,0.2877479860526632,,,,,,,,0.010391185686849288
gtformer_plain,year2020,102073,46355,0.9259108223879553,0.37446808510638296,,,0.1601337504044871,,,,,,,,0.006030367206288812
gtformer_plain,year2021,81155,35627,0.906555837719539,0.16628270106998413,,,0.05091643977881943,,,,,,,,0.002284308557371288
gtformer_plain,year2022,86416,41648,0.9310073313666539,0.38127181077937183,,,0.15285247791010373,,,,,,,,0.0012955682630450321
gtformer_plain,year2023,54354,7892,0.81598242501003,0.23442004879130626,,,0.09401926001013684,,,,,,,,0.0007317808101244027
gtformer_plain,year2024,48427,794,0.7323746988479982,0.08009153318077804,,,0.022670025188916875,,,,,,,,0.00033590158083681484
gtformer_plain,year2025,44663,23,0.6921580372448184,0.0,,,0.0,,,,,,,,0.000492831541218638
gtformer_plain_s1,IID,15286,6981,0.9950084089082942,0.9713552800342027,0.023635582294800117,0.028537025888019266,0.9250823664231486,0.6802750322303395,0.15384615384615385,0.785,0.9351400730816078,0.8732584269662922,13.0,400.0,
gtformer_plain_s1,NEAR,208337,66493,0.804046720438306,0.6643144303079033,0.47191433684748774,0.028961394207721158,0.2969335117982344,0.05353947032018408,0.13471626132570338,0.12597158938622352,0.3651503957783641,0.09030550878037046,4194.0,14924.0,
gtformer_plain_s1,FAR,612430,213274,0.8508139636007953,0.3784792341844477,0.7631731950448719,0.007821503372115164,0.2795089884374092,0.09317122574716093,0.21249725937294453,0.16004041079241613,0.5728736335662433,0.13067372031789742,22805.0,131648.0,
gtformer_plain_s1,year2013,9489,4729,0.9948404800702264,0.9709962168978562,,,0.9272573482765912,,,,,,,,0.009663865546218488
gtformer_plain_s1,year2014,5797,2252,0.9950306513313976,0.9721115537848606,,,0.9205150976909414,,,,,,,,0.009873060648801129
gtformer_plain_s1,year2016,109193,45134,0.934369363041492,0.8181694580063037,,,0.5357380245491205,,,,,,,,0.022026569256466694
gtformer_plain_s1,year2017,99144,21359,0.5274226687411256,0.16259572752922208,,,0.06264338218081371,,,,,,,,0.009204859548756187
gtformer_plain_s1,year2018,104292,39350,0.5199958532052663,0.19794963227100512,,,0.09026683608640407,,,,,,,,0.009008037941547843
gtformer_plain_s1,year2019,91050,41585,0.9290435761724638,0.5723394565052375,,,0.31371888902248407,,,,,,,,0.007500252703932073
gtformer_plain_s1,year2020,102073,46355,0.9175902229027184,0.41535941642322827,,,0.1798511487433934,,,,,,,,0.005689364298790337
gtformer_plain_s1,year2021,81155,35627,0.9124233263858248,0.2245817245817246,,,0.06228422264013248,,,,,,,,0.003075030750307503
gtformer_plain_s1,year2022,86416,41648,0.9289813178333916,0.41914853358561965,,,0.17153284671532848,,,,,,,,0.0011392065761258042
gtformer_plain_s1,year2023,54354,7892,0.8369853480533979,0.2516701347059468,,,0.09858084135833756,,,,,,,,0.0007533037751280617
gtformer_plain_s1,year2024,48427,794,0.7339941865547249,0.0860655737704918,,,0.02392947103274559,,,,,,,,0.0008817416496966388
gtformer_plain_s1,year2025,44663,23,0.6364690470624903,0.0,,,0.0,,,,,,,,0.0008064516129032258
gtformer_plain_s2,IID,15286,6981,0.9947953941553409,0.9652648198650782,0.03667096404526571,0.02745334136062613,0.9242228907033376,0.7003294656925941,0.15384615384615385,0.7525,0.9362058465286236,0.8588764044943821,13.0,400.0,
gtformer_plain_s2,NEAR,208337,66493,0.8499127904794453,0.6556520080129734,0.4831636412855489,0.02799554440089112,0.29452724346923737,0.12052396492863911,0.11325703385789222,0.10486464754757438,0.37032189973614776,0.07914361318258359,4194.0,14924.0,
gtformer_plain_s2,FAR,612430,213274,0.8908660072191072,0.3482600020680068,0.7868047675759821,0.0059575704736995055,0.292426643660268,0.09675816086349016,0.24003508002631002,0.16895053475935828,0.5890923309702317,0.14809044133632873,22805.0,131648.0,
gtformer_plain_s2,year2013,9489,4729,0.9950401243178599,0.9683611052520565,,,0.9376189469232395,,,,,,,,0.010084033613445379
gtformer_plain_s2,year2014,5797,2252,0.9943084598676745,0.958670260557053,,,0.8960923623445826,,,,,,,,0.009590973201692525
gtformer_plain_s2,year2016,109193,45134,0.9403369655333491,0.7929946836924172,,,0.529334869499712,,,,,,,,0.018826394417646233
gtformer_plain_s2,year2017,99144,21359,0.6789037914164484,0.24355060296137995,,,0.10936841612435039,,,,,,,,0.01397441666131002
gtformer_plain_s2,year2018,104292,39350,0.6902295511306993,0.23236859978529018,,,0.09659466327827192,,,,,,,,0.009162021496104216
gtformer_plain_s2,year2019,91050,41585,0.9401711784897246,0.5393273969049883,,,0.29517854995791754,,,,,,,,0.006165975942585666
gtformer_plain_s2,year2020,102073,46355,0.9313620356022685,0.36316499378142136,,,0.16358537374608995,,,,,,,,0.0035895042894576257
gtformer_plain_s2,year2021,81155,35627,0.9179482690751548,0.17605508096391687,,,0.05422853453841188,,,,,,,,0.0018010894394658232
gtformer_plain_s2,year2022,86416,41648,0.9402735918364766,0.3744498539435248,,,0.1592633499807914,,,,,,,,0.0008934953538241601
gtformer_plain_s2,year2023,54354,7892,0.8644815876434225,0.2465783664459161,,,0.09693360364926508,,,,,,,,0.0005165511600878137
gtformer_plain_s2,year2024,48427,794,0.7712900894597076,0.04866743916570104,,,0.012594458438287154,,,,,,,,0.0005248462200575231
gtformer_plain_s2,year2025,44663,23,0.6514614500545426,0.0,,,0.0,,,,,,,,0.0005376344086021505
gtformer_plain_s3,IID,15286,6981,0.9949524386351498,0.9693347563144789,0.02420856610800748,0.03154726068633353,0.9329608938547486,0.6398796733992265,0.15384615384615385,0.79,0.9432095006090134,0.8862921348314606,13.0,400.0,
gtformer_plain_s3,NEAR,208337,66493,0.8437311838656921,0.6735655548369214,0.45182199630036246,0.03727334254533149,0.24746965846028907,0.08952822101574602,0.11015736766809728,0.11270436880192977,0.30207915567282323,0.06774115949001684,4194.0,14924.0,
gtformer_plain_s3,FAR,612430,213274,0.8965830274871999,0.4361326441168301,0.7165477273366655,0.008758480393630561,0.306900981835573,0.08211033693746073,0.24078053058539794,0.2014690690325717,0.5685044456911648,0.15214870642800202,22805.0,131648.0,
gtformer_plain_s3,year2013,9489,4729,0.9951104040685845,0.9689532200545417,,,0.939522097695073,,,,,,,,0.009873949579831932
gtformer_plain_s3,year2014,5797,2252,0.994441424266034,0.9701393497013935,,,0.9191829484902309,,,,,,,,0.00930888575458392
gtformer_plain_s3,year2016,109193,45134,0.9384268328256924,0.8322856728398047,,,0.5675987060752427,,,,,,,,0.02464915156340249
gtformer_plain_s3,year2017,99144,21359,0.6831454736530493,0.1587861679604799,,,0.062034739454094295,,,,,,,,0.016635598123031434
gtformer_plain_s3,year2018,104292,39350,0.7119107009257053,0.22903387212565537,,,0.10233799237611181,,,,,,,,0.01221089587632041
gtformer_plain_s3,year2019,91050,41585,0.9369843281996769,0.6184789849068252,,,0.3426235421425995,,,,,,,,0.009420802587688265
gtformer_plain_s3,year2020,102073,46355,0.9332918912912257,0.49036388790579455,,,0.22034300506957177,,,,,,,,0.005671416777343049
gtformer_plain_s3,year2021,81155,35627,0.9180325571786007,0.266122212288883,,,0.07300642770932159,,,,,,,,0.003140924266385521
gtformer_plain_s3,year2022,86416,41648,0.9425184141716362,0.5012199497667743,,,0.22003457548981945,,,,,,,,0.0010275196568977842
gtformer_plain_s3,year2023,54354,7892,0.8638029351760802,0.2982530890498509,,,0.11505321844906234,,,,,,,,0.0008609186001463561
gtformer_plain_s3,year2024,48427,794,0.7420122503602666,0.08315098468271334,,,0.02518891687657431,,,,,,,,0.0006298154640690278
gtformer_plain_s3,year2025,44663,23,0.5554956560698147,0.0,,,0.0,,,,,,,,0.000828853046594982
gtformer_plain_s4,IID,15286,6981,0.994771953908437,0.9678938356164384,0.028362698753760185,0.030343166767007827,0.9119037387193811,0.6351525569402664,0.07692307692307693,0.725,0.9249390986601705,0.8552808988764045,13.0,400.0,
gtformer_plain_s4,NEAR,208337,66493,0.8243644986142343,0.6518915575713844,0.4769073436301565,0.03832379233524153,0.24092761644082836,0.11125983186200052,0.12660944206008584,0.09662288930581614,0.2965065963060686,0.061197979312003846,4194.0,14924.0,
gtformer_plain_s4,FAR,612430,213274,0.8830583711099085,0.440170357995569,0.7121496291155978,0.010715108879736243,0.27761940039573507,0.08166021174639196,0.16483227362420522,0.18759874817695674,0.5228234814097006,0.13827088919486918,22805.0,131648.0,
gtformer_plain_s4,year2013,9489,4729,0.9945901473298138,0.9681488489435509,,,0.9221822795517023,,,,,,,,0.009453781512605041
gtformer_plain_s4,year2014,5797,2252,0.9948676869580901,0.9673550966022652,,,0.8903197158081705,,,,,,,,0.00930888575458392
gtformer_plain_s4,year2016,109193,45134,0.932247308552232,0.8145494694228056,,,0.5323038064430363,,,,,,,,0.02586677906305125
gtformer_plain_s4,year2017,99144,21359,0.6047982887352812,0.1256548658517225,,,0.05318601058101971,,,,,,,,0.017676929999357202
gtformer_plain_s4,year2018,104292,39350,0.668775269004574,0.19626168224299065,,,0.08373570520965692,,,,,,,,0.012857626805457177
gtformer_plain_s4,year2019,91050,41585,0.9298245146355653,0.6101938497215553,,,0.3189130696164482,,,,,,,,0.010775295663600526
gtformer_plain_s4,year2020,102073,46355,0.9182129124593932,0.4943956764362578,,,0.2044871103440837,,,,,,,,0.0068559531928640656
gtformer_plain_s4,year2021,81155,35627,0.9123600370202685,0.34216467769432796,,,0.0882757459230359,,,,,,,,0.0039316464593217365
gtformer_plain_s4,year2022,86416,41648,0.9271806062718673,0.4945888613238414,,,0.19696023818670763,,,,,,,,0.0026358112937812724
gtformer_plain_s4,year2023,54354,7892,0.8571055118142531,0.3202170963364993,,,0.10922453117080588,,,,,,,,0.0014635616202488054
gtformer_plain_s4,year2024,48427,794,0.7620946911421451,0.16071428571428573,,,0.041561712846347604,,,,,,,,0.0013016186257426574
gtformer_plain_s4,year2025,44663,23,0.643879538725261,0.0,,,0.0,,,,,,,,0.0012768817204301076
gtformer_tuned,IID,15286,6981,0.9952503574465172,0.9709418837675351,0.028362698753760185,0.025045153521974714,0.927087809769374,0.6665234207133649,0.15384615384615385,0.7775,0.9377283800243605,0.8795505617977528,13.0,400.0,
gtformer_tuned,NEAR,208337,66493,0.8554473559137472,0.6594804601203627,0.47922337689681616,0.0274597445080511,0.29266238551426466,0.0742333779495586,0.11373390557939914,0.1043956043956044,0.36781002638522425,0.08554245850372864,4194.0,14924.0,
gtformer_tuned,FAR,612430,213274,0.8707701139642088,0.35211251526878773,0.7830677907292966,0.008144685285953362,0.2448540375291878,0.07492240029258138,0.19850909888182416,0.11782936315021876,0.5471175260536203,0.10645698963693022,22805.0,131648.0,
gtformer_tuned,year2013,9489,4729,0.994902852238379,0.9713442899283607,,,0.9374074857263692,,,,,,,,0.011134453781512605
gtformer_tuned,year2014,5797,2252,0.9956095443761632,0.9700892857142858,,,0.905417406749556,,,,,,,,0.008180535966149507
gtformer_tuned,year2016,109193,45134,0.9400727218908005,0.8004890098810244,,,0.5005760623919883,,,,,,,,0.01895127928940508
gtformer_tuned,year2017,99144,21359,0.6815688683649676,0.22366780928638205,,,0.0678402546935718,,,,,,,,0.00930770714147972
gtformer_tuned,year2018,104292,39350,0.6487950804465263,0.23314300658152814,,,0.09176620076238882,,,,,,,,0.009808752425240983
gtformer_tuned,year2019,91050,41585,0.9319259009966216,0.5407720891824938,,,0.2817362029577973,,,,,,,,0.0072374406145759625
gtformer_tuned,year2020,102073,46355,0.9250282168682706,0.3794687575558703,,,0.1576744687735951,,,,,,,,0.004809935747873219
gtformer_tuned,year2021,81155,35627,0.9097339370977404,0.17885395537525356,,,0.05055154798327111,,,,,,,,0.003053066244948164
gtformer_tuned,year2022,86416,41648,0.9351303359959586,0.3729473110747918,,,0.14356031502112945,,,,,,,,0.00156361686919228
gtformer_tuned,year2023,54354,7892,0.8547824388226902,0.23670858151334656,,,0.09541307653319818,,,,,,,,0.0007748267401317205
gtformer_tuned,year2024,48427,794,0.757361794505545,0.06756756756756757,,,0.013853904282115869,,,,,,,,0.0004198769760460185
gtformer_tuned,year2025,44663,23,0.6354726702508959,0.0,,,0.0,,,,,,,,0.000492831541218638
gtformer_tuned_s1,IID,15286,6981,0.9946982266564937,0.9687700078252828,0.02463830396791289,0.03214930764599639,0.8886978942844864,0.6615098123478012,0.15384615384615385,0.645,0.904993909866017,0.8202247191011236,13.0,400.0,
gtformer_tuned_s1,NEAR,208337,66493,0.8262144179049664,0.6498647274401826,0.4906381122824959,0.027297594540481092,0.36388792805257697,0.08420435233784007,0.1781115879828326,0.12416242294291074,0.45585224274406333,0.11517921578061102,4194.0,14924.0,
gtformer_tuned_s1,FAR,612430,213274,0.8975199571162672,0.37743913910524135,0.7648283428828643,0.005862369599855696,0.312011778275833,0.10470099496422443,0.24253453190089894,0.19785336655323285,0.5944475612451335,0.1682851414353697,22805.0,131648.0,
gtformer_tuned_s1,year2013,9489,4729,0.994181396390233,0.9694176790950985,,,0.8953267075491648,,,,,,,,0.012184873949579832
gtformer_tuned_s1,year2014,5797,2252,0.9953642836206398,0.9673985362608117,,,0.8747779751332149,,,,,,,,0.006488011283497884
gtformer_tuned_s1,year2016,109193,45134,0.9390165009767614,0.8082678195432516,,,0.44148535472149597,,,,,,,,0.012160664387517757
gtformer_tuned_s1,year2017,99144,21359,0.5840799134799862,0.11947770222352008,,,0.03726766234374269,,,,,,,,0.003072571832615543
gtformer_tuned_s1,year2018,104292,39350,0.6468844343053133,0.2010430422812633,,,0.06574332909783989,,,,,,,,0.0021711681192448646
gtformer_tuned_s1,year2019,91050,41585,0.9389166590635709,0.5697611292073833,,,0.2443910063724901,,,,,,,,0.0022440109168098657
gtformer_tuned_s1,year2020,102073,46355,0.9415038266744649,0.41893378929726255,,,0.1340524215295006,,,,,,,,0.0015793818873613553
gtformer_tuned_s1,year2021,81155,35627,0.9349524453631834,0.22610071444463672,,,0.04061526370449378,,,,,,,,0.0018450184501845018
gtformer_tuned_s1,year2022,86416,41648,0.9543344043041934,0.40649848406841715,,,0.11846907414521705,,,,,,,,0.0011168691922802002
gtformer_tuned_s1,year2023,54354,7892,0.8807892126004884,0.2671009771986971,,,0.08172833248859605,,,,,,,,0.0005811200550987904
gtformer_tuned_s1,year2024,48427,794,0.7856632477716775,0.08435072142064373,,,0.013853904282115869,,,,,,,,0.00020993848802300925
gtformer_tuned_s1,year2025,44663,23,0.6061750038959016,0.0,,,0.0,,,,,,,,0.00020161290322580645
gtformer_tuned_s2,IID,15286,6981,0.9945970748331175,0.966314445783987,0.02406532015470564,0.03696568332329922,0.907319868213723,0.5984815928950007,0.15384615384615385,0.7625,0.9176309378806333,0.8498876404494382,13.0,400.0,
gtformer_tuned_s2,NEAR,208337,66493,0.827701768914401,0.6855731012998174,0.42411983216278404,0.04880714023857195,0.25128960943257184,0.11381649196155987,0.12446351931330472,0.103725542749933,0.30900263852242743,0.07659369737791677,4194.0,14924.0,
gtformer_tuned_s2,FAR,612430,213274,0.8796409568012883,0.4974819476602381,0.6604930746363833,0.013568629808896773,0.28326472050038914,0.08347009011881429,0.19197544398158298,0.18602637335926106,0.5362880603865966,0.13298065077179505,22805.0,131648.0,
gtformer_tuned_s2,year2013,9489,4729,0.9944822621372508,0.9659280936454849,,,0.919221822795517,,,,,,,,0.010294117647058823
gtformer_tuned_s2,year2014,5797,2252,0.9945985013791221,0.9671299360247076,,,0.8823268206039077,,,,,,,,0.00930888575458392
gtformer_tuned_s2,year2016,109193,45134,0.9398559731127247,0.8352225469927046,,,0.5438028980369566,,,,,,,,0.025211133486317303
gtformer_tuned_s2,year2017,99144,21359,0.6037337265881024,0.2283453132941262,,,0.07041528161430778,,,,,,,,0.018345439352060167
gtformer_tuned_s2,year2018,104292,39350,0.6519502396762832,0.25632242239702274,,,0.0857433290978399,,,,,,,,0.01116380770533707
gtformer_tuned_s2,year2019,91050,41585,0.9348645811372014,0.6644058304683975,,,0.3433690032463629,,,,,,,,0.009602749418780957
gtformer_tuned_s2,year2020,102073,46355,0.9232629047760885,0.571256038647343,,,0.21833674900226513,,,,,,,,0.006173947377867117
gtformer_tuned_s2,year2021,81155,35627,0.9056019430553466,0.3526272577996716,,,0.07292222191034889,,,,,,,,0.0036241433842909856
gtformer_tuned_s2,year2022,86416,41648,0.9394477409760915,0.5704263724288244,,,0.2072128313484441,,,,,,,,0.0019433523945675483
gtformer_tuned_s2,year2023,54354,7892,0.8560328516370861,0.3165557404326123,,,0.09883426254434871,,,,,,,,0.0011407171451939218
gtformer_tuned_s2,year2024,48427,794,0.7699331041848566,0.13877551020408163,,,0.031486146095717885,,,,,,,,0.0005248462200575231
gtformer_tuned_s2,year2025,44663,23,0.5869102579086801,0.018018018018018018,,,0.043478260869565216,,,,,,,,0.0005152329749103943
gtformer_tuned_s3,IID,15286,6981,0.9951305086197239,0.9700113700966458,0.022346368715083775,0.03202889825406382,0.9210714797306976,0.6102277610657499,0.07692307692307693,0.7875,0.9308769792935444,0.8710112359550561,13.0,400.0,
gtformer_tuned_s3,NEAR,208337,66493,0.8126703692493469,0.6699044872950081,0.4409486712887071,0.05156368968726206,0.24282255274991352,0.11787706976674237,0.11802575107296137,0.11444652908067542,0.294311345646438,0.08198219870098629,4194.0,14924.0,
gtformer_tuned_s3,FAR,612430,213274,0.8597716618651622,0.43643480213743613,0.7129748586325572,0.015116896651935585,0.2384960192053415,0.09562815908174462,0.18868669151501863,0.12011576324744774,0.5227554784855749,0.10594970650047104,22805.0,131648.0,
gtformer_tuned_s3,year2013,9489,4729,0.9950037849777255,0.9701726844583988,,,0.9297948826390358,,,,,,,,0.010294117647058823
gtformer_tuned_s3,year2014,5797,2252,0.995072989500635,0.9696701350453841,,,0.9027531083481349,,,,,,,,0.00930888575458392
gtformer_tuned_s3,year2016,109193,45134,0.9360365147908674,0.8198081910851077,,,0.5357601807949661,,,,,,,,0.030471908709158745
gtformer_tuned_s3,year2017,99144,21359,0.5552398506204804,0.22745237671354815,,,0.09382461725736224,,,,,,,,0.023577810631869898
gtformer_tuned_s3,year2018,104292,39350,0.6219702424726401,0.25275667984851335,,,0.10886912325285895,,,,,,,,0.017631116996704752
gtformer_tuned_s3,year2019,91050,41585,0.9189087020952252,0.613530301567378,,,0.3374534086810148,,,,,,,,0.013221469726068937
gtformer_tuned_s3,year2020,102073,46355,0.9071670136875725,0.4885313412823828,,,0.22575773918671124,,,,,,,,0.006066262249183388
gtformer_tuned_s3,year2021,81155,35627,0.8867858313245247,0.2764080309027612,,,0.08597412075111573,,,,,,,,0.0033825338253382535
gtformer_tuned_s3,year2022,86416,41648,0.9273241250893839,0.4899980194097841,,,0.21463215520553208,,,,,,,,0.0017423159399571123
gtformer_tuned_s3,year2023,54354,7892,0.8443448098553494,0.28832271762208067,,,0.11137861125190066,,,,,,,,0.001119194180190263
gtformer_tuned_s3,year2024,48427,794,0.7559459392000158,0.1016949152542373,,,0.02644836272040302,,,,,,,,0.0006298154640690278
gtformer_tuned_s3,year2025,44663,23,0.5856377590774505,0.0,,,0.0,,,,,,,,0.0004032258064516129
gtformer_tuned_s4,IID,15286,6981,0.9950182576065887,0.9698053806525472,0.029222174473571116,0.026249247441300423,0.9372582724538032,0.6589313851883685,0.07692307692307693,0.835,0.9451887941534713,0.8970786516853932,13.0,400.0,
gtformer_tuned_s4,NEAR,208337,66493,0.7957182404461584,0.652349405098607,0.48835215736994875,0.02671244465751107,0.32135713533755433,0.12488532627494624,0.12970910824988077,0.14145001340123292,0.3949973614775726,0.09550156362761607,4194.0,14924.0,
gtformer_tuned_s4,FAR,612430,213274,0.8806329654061683,0.4169156971935822,0.7340885433761265,0.0051834370521801,0.36436227575794516,0.11386760692817689,0.2909449682087262,0.27329697374817696,0.5966406555481886,0.2013672488344566,22805.0,131648.0,
gtformer_tuned_s4,year2013,9489,4729,0.9949597157535037,0.9711153278515707,,,0.9420596320575174,,,,,,,,0.010924369747899159
gtformer_tuned_s4,year2014,5797,2252,0.9948593571111841,0.9670378619153674,,,0.9271758436944938,,,,,,,,0.00846262341325811
gtformer_tuned_s4,year2016,109193,45134,0.935466515543631,0.8116947719245884,,,0.5551247396641114,,,,,,,,0.024539877300613498
gtformer_tuned_s4,year2017,99144,21359,0.49123409596566037,0.11602695575739819,,,0.04452455639308956,,,,,,,,0.0077907051488076105
gtformer_tuned_s4,year2018,104292,39350,0.5369626810387781,0.2009588672820145,,,0.08447268106734435,,,,,,,,0.005481814542206892
gtformer_tuned_s4,year2019,91050,41585,0.9440467347133505,0.6090214395352291,,,0.35192978237345196,,,,,,,,0.0063883554028100675
gtformer_tuned_s4,year2020,102073,46355,0.9437376130208431,0.4786165982137036,,,0.22282385934634882,,,,,,,,0.0029972360816971177
gtformer_tuned_s4,year2021,81155,35627,0.9393934042327124,0.227649518719224,,,0.07640272826788672,,,,,,,,0.0021085925144965737
gtformer_tuned_s4,year2022,86416,41648,0.9585058635396607,0.4850277666872346,,,0.21679312331924702,,,,,,,,0.0008711579699785561
gtformer_tuned_s4,year2023,54354,7892,0.8858329470908358,0.24430687596727835,,,0.10593005575266093,,,,,,,,0.0005595970900951316
gtformer_tuned_s4,year2024,48427,794,0.8025983430935341,0.0608187134502924,,,0.018891687657430732,,,,,,,,0.000293913883232213
gtformer_tuned_s4,year2025,44663,23,0.6440509583917718,0.0,,,0.0,,,,,,,,0.00022401433691756272
lgbm_plain,IID,15286,6981,0.9962600559995951,0.9747251178066543,0.022203122761781935,0.023961468994581576,0.9363987967339923,0.6824237215298667,0.15384615384615385,0.79,0.946863580998782,0.8957303370786517,13.0,400.0,
lgbm_plain,NEAR,208337,66493,0.8296331888310059,0.7308232056867691,0.40085422525679393,0.01898564620287076,0.5213029943001519,0.2678327041944265,0.30972818311874106,0.3056821227552935,0.6079577836411609,0.28510945393312487,4194.0,14924.0,
lgbm_plain,FAR,612430,213274,0.885536847363408,0.5869034478280631,0.5761836885883886,0.010915531772039003,0.40527209130039293,0.12868422780085711,0.29497917123437845,0.34595284394749637,0.5807959742268918,0.26331618233205306,22805.0,131648.0,
lgbm_plain,year2013,9489,4729,0.9958713534049697,0.9736842105263158,,,0.9397335588919433,,,,,,,,0.01134453781512605
lgbm_plain,year2014,5797,2252,0.9967530507281414,0.9769196626719929,,,0.9293960923623446,,,,,,,,0.007898448519040903
lgbm_plain,year2016,109193,45134,0.9623906729830096,0.8569278935999806,,,0.601763637169318,,,,,,,,0.009210259292214988
lgbm_plain,year2017,99144,21359,0.537807039800111,0.34043352492580486,,,0.10534201039374502,,,,,,,,0.002391206530822138
lgbm_plain,year2018,104292,39350,0.57069191072147,0.27790105454468605,,,0.09712833545108004,,,,,,,,0.00688306488866989
lgbm_plain,year2019,91050,41585,0.9436331128551028,0.7230565436766041,,,0.3715281952627149,,,,,,,,0.008773880521580915
lgbm_plain,year2020,102073,46355,0.9449396520931335,0.6804613771408599,,,0.2705209793981232,,,,,,,,0.004468932840374744
lgbm_plain,year2021,81155,35627,0.9324555572983964,0.5168382050226431,,,0.12117214472169983,,,,,,,,0.002701634159198735
lgbm_plain,year2022,86416,41648,0.9649845192833666,0.6591226017406915,,,0.2517047637341529,,,,,,,,0.0009381701215153681
lgbm_plain,year2023,54354,7892,0.8759163868699398,0.40080040020010005,,,0.12062848454130766,,,,,,,,0.0006456889501097671
lgbm_plain,year2024,48427,794,0.7688576189242043,0.15037593984962405,,,0.020151133501259445,,,,,,,,0.00020993848802300925
lgbm_plain,year2025,44663,23,0.5983082047685835,0.02127659574468085,,,0.0,,,,,,,,0.00026881720430107527
lgbm_plain_s1,IID,15286,6981,0.9962600559995951,0.9747251178066543,0.022203122761781935,0.023961468994581576,0.9363987967339923,0.6824237215298667,0.15384615384615385,0.79,0.946863580998782,0.8957303370786517,13.0,400.0,
lgbm_plain_s1,NEAR,208337,66493,0.8296331888310059,0.7308232056867691,0.40085422525679393,0.01898564620287076,0.5213029943001519,0.2678327041944265,0.30972818311874106,0.3056821227552935,0.6079577836411609,0.28510945393312487,4194.0,14924.0,
lgbm_plain_s1,FAR,612430,213274,0.885536847363408,0.5869034478280631,0.5761836885883886,0.010915531772039003,0.40527209130039293,0.12868422780085711,0.29497917123437845,0.34595284394749637,0.5807959742268918,0.26331618233205306,22805.0,131648.0,
lgbm_plain_s1,year2013,9489,4729,0.9958713534049697,0.9736842105263158,,,0.9397335588919433,,,,,,,,0.01134453781512605
lgbm_plain_s1,year2014,5797,2252,0.9967530507281414,0.9769196626719929,,,0.9293960923623446,,,,,,,,0.007898448519040903
lgbm_plain_s1,year2016,109193,45134,0.9623906729830096,0.8569278935999806,,,0.601763637169318,,,,,,,,0.009210259292214988
lgbm_plain_s1,year2017,99144,21359,0.537807039800111,0.34043352492580486,,,0.10534201039374502,,,,,,,,0.002391206530822138
lgbm_plain_s1,year2018,104292,39350,0.57069191072147,0.27790105454468605,,,0.09712833545108004,,,,,,,,0.00688306488866989
lgbm_plain_s1,year2019,91050,41585,0.9436331128551028,0.7230565436766041,,,0.3715281952627149,,,,,,,,0.008773880521580915
lgbm_plain_s1,year2020,102073,46355,0.9449396520931335,0.6804613771408599,,,0.2705209793981232,,,,,,,,0.004468932840374744
lgbm_plain_s1,year2021,81155,35627,0.9324555572983964,0.5168382050226431,,,0.12117214472169983,,,,,,,,0.002701634159198735
lgbm_plain_s1,year2022,86416,41648,0.9649845192833666,0.6591226017406915,,,0.2517047637341529,,,,,,,,0.0009381701215153681
lgbm_plain_s1,year2023,54354,7892,0.8759163868699398,0.40080040020010005,,,0.12062848454130766,,,,,,,,0.0006456889501097671
lgbm_plain_s1,year2024,48427,794,0.7688576189242043,0.15037593984962405,,,0.020151133501259445,,,,,,,,0.00020993848802300925
lgbm_plain_s1,year2025,44663,23,0.5983082047685835,0.02127659574468085,,,0.0,,,,,,,,0.00026881720430107527
lgbm_plain_s2,IID,15286,6981,0.9962600559995951,0.9747251178066543,0.022203122761781935,0.023961468994581576,0.9363987967339923,0.6824237215298667,0.15384615384615385,0.79,0.946863580998782,0.8957303370786517,13.0,400.0,
lgbm_plain_s2,NEAR,208337,66493,0.8296331888310059,0.7308232056867691,0.40085422525679393,0.01898564620287076,0.5213029943001519,0.2678327041944265,0.30972818311874106,0.3056821227552935,0.6079577836411609,0.28510945393312487,4194.0,14924.0,
lgbm_plain_s2,FAR,612430,213274,0.885536847363408,0.5869034478280631,0.5761836885883886,0.010915531772039003,0.40527209130039293,0.12868422780085711,0.29497917123437845,0.34595284394749637,0.5807959742268918,0.26331618233205306,22805.0,131648.0,
lgbm_plain_s2,year2013,9489,4729,0.9958713534049697,0.9736842105263158,,,0.9397335588919433,,,,,,,,0.01134453781512605
lgbm_plain_s2,year2014,5797,2252,0.9967530507281414,0.9769196626719929,,,0.9293960923623446,,,,,,,,0.007898448519040903
lgbm_plain_s2,year2016,109193,45134,0.9623906729830096,0.8569278935999806,,,0.601763637169318,,,,,,,,0.009210259292214988
lgbm_plain_s2,year2017,99144,21359,0.537807039800111,0.34043352492580486,,,0.10534201039374502,,,,,,,,0.002391206530822138
lgbm_plain_s2,year2018,104292,39350,0.57069191072147,0.27790105454468605,,,0.09712833545108004,,,,,,,,0.00688306488866989
lgbm_plain_s2,year2019,91050,41585,0.9436331128551028,0.7230565436766041,,,0.3715281952627149,,,,,,,,0.008773880521580915
lgbm_plain_s2,year2020,102073,46355,0.9449396520931335,0.6804613771408599,,,0.2705209793981232,,,,,,,,0.004468932840374744
lgbm_plain_s2,year2021,81155,35627,0.9324555572983964,0.5168382050226431,,,0.12117214472169983,,,,,,,,0.002701634159198735
lgbm_plain_s2,year2022,86416,41648,0.9649845192833666,0.6591226017406915,,,0.2517047637341529,,,,,,,,0.0009381701215153681
lgbm_plain_s2,year2023,54354,7892,0.8759163868699398,0.40080040020010005,,,0.12062848454130766,,,,,,,,0.0006456889501097671
lgbm_plain_s2,year2024,48427,794,0.7688576189242043,0.15037593984962405,,,0.020151133501259445,,,,,,,,0.00020993848802300925
lgbm_plain_s2,year2025,44663,23,0.5983082047685835,0.02127659574468085,,,0.0,,,,,,,,0.00026881720430107527
mlp_full,IID,15286,6981,0.9917272831624083,0.9680339462517681,0.01962469560234925,0.037928958458759786,0.7968772382180204,0.2909325311559948,0.23076923076923078,0.685,0.8048112058465287,0.8044943820224719,13.0,400.0,
mlp_full,NEAR,208337,66493,0.8459349195069387,0.6806994878420154,0.4453250718120705,0.03517949296410141,0.36289534236686566,0.09025010151444512,0.17453505007153075,0.17783436076119002,0.437868073878628,0.14212172239595863,4194.0,14924.0,
mlp_full,FAR,612430,213274,0.8996332202513083,0.5885820261586248,0.5744113206485554,0.010985679784344967,0.41099243227022514,0.16398623367123982,0.25573339180004384,0.37782571706368495,0.5454174529504768,0.2796941807377346,22805.0,131648.0,
mlp_full,year2013,9489,4729,0.9914891754968006,0.9690205486596433,,,0.845210403890886,,,,,,,,0.010714285714285714
mlp_full,year2014,5797,2252,0.992010486838842,0.965956512189765,,,0.6953818827708703,,,,,,,,0.008744710860366713
mlp_full,year2016,109193,45134,0.9369826142274527,0.8374716744612121,,,0.4964993131563788,,,,,,,,0.013628061630684214
mlp_full,year2017,99144,21359,0.6629866830899875,0.16865477737096965,,,0.03370944332599841,,,,,,,,0.005103811788905316
mlp_full,year2018,104292,39350,0.7600652524389176,0.25105516871987144,,,0.07303684879288437,,,,,,,,0.004342336238489729
mlp_full,year2019,91050,41585,0.9382946579743887,0.7106561982718037,,,0.32574245521221595,,,,,,,,0.003760234509248964
mlp_full,year2020,102073,46355,0.9392188462379213,0.6721773223308941,,,0.24001725811670802,,,,,,,,0.0015434868444667792
mlp_full,year2021,81155,35627,0.9232090797559912,0.6041142060202224,,,0.14337440705083224,,,,,,,,0.0011860832894043227
mlp_full,year2022,86416,41648,0.9206507461196799,0.637298043354713,,,0.21700922013061852,,,,,,,,0.00044674767691208004
mlp_full,year2023,54354,7892,0.8512676189140544,0.4560403003516776,,,0.12379624936644704,,,,,,,,0.00025827558004390687
mlp_full,year2024,48427,794,0.7749306846041213,0.24342105263157895,,,0.04408060453400504,,,,,,,,0.00016795079041840742
mlp_full,year2025,44663,23,0.6036835748792271,0.0,,,0.0,,,,,,,,0.00029121863799283157
mlp_plain,IID,15286,6981,0.9954128264720592,0.9696710197673589,0.026786993267440162,0.028657435279951838,0.9272310557226758,0.6420283626987537,0.15384615384615385,0.7425,0.9400121802679658,0.868314606741573,13.0,400.0,
mlp_plain,NEAR,208337,66493,0.8430939743876119,0.6746326833744879,0.46379318123712265,0.025041594991681,0.39855323116719055,0.11313972899402945,0.19790176442536958,0.1953229697132136,0.4803377308707124,0.16093336540774597,4194.0,14924.0,
mlp_plain,FAR,612430,213274,0.9184227489308593,0.5854772545576074,0.5810788000412614,0.006476164707532895,0.4913866669167362,0.17767285276217448,0.27559745669809255,0.4890085683033544,0.5803709559511059,0.36141507838732273,22805.0,131648.0,
mlp_plain,year2013,9489,4729,0.995406782928862,0.9723710473789263,,,0.9363501797420173,,,,,,,,0.009663865546218488
mlp_plain,year2014,5797,2252,0.9953454318618522,0.9639519359145527,,,0.9080817051509769,,,,,,,,0.010155148095909733
mlp_plain,year2016,109193,45134,0.9449668122652193,0.8339655172413794,,,0.5847476403598174,,,,,,,,0.016906289514353953
mlp_plain,year2017,99144,21359,0.6300790943022085,0.14653659333034003,,,0.05117280771571703,,,,,,,,0.005759465192517838
mlp_plain,year2018,104292,39350,0.725578453994938,0.22376791177830116,,,0.09428208386277001,,,,,,,,0.005066058944904684
mlp_plain,year2019,91050,41585,0.9515427142080719,0.7124174029818858,,,0.39684982565829025,,,,,,,,0.004528454462751441
mlp_plain,year2020,102073,46355,0.9566111140383732,0.6753394146604434,,,0.3110128357243016,,,,,,,,0.002225492659463728
mlp_plain,year2021,81155,35627,0.9436389001509357,0.5919472568872145,,,0.1947960816234878,,,,,,,,0.001932876471621859
mlp_plain,year2022,86416,41648,0.9519431720242691,0.6371124268075875,,,0.2847915866308106,,,,,,,,0.0009605075053609721
mlp_plain,year2023,54354,7892,0.8799115340685846,0.45741385985288424,,,0.1670045615813482,,,,,,,,0.0004735052300804959
mlp_plain,year2024,48427,794,0.7823752911177881,0.2731707317073171,,,0.07934508816120907,,,,,,,,0.0003149077320345139
mlp_plain,year2025,44663,23,0.6214620344397693,0.0,,,0.0,,,,,,,,0.00044802867383512545
mlp_plain_s1,IID,15286,6981,0.9947213046920768,0.9691133461730509,0.026930239220742003,0.029500301023479832,0.919209282337774,0.5716945996275605,0.07692307692307693,0.75,0.9311814859926918,0.8584269662921349,13.0,400.0,
mlp_plain_s1,NEAR,208337,66493,0.820119215998866,0.6725157389157849,0.47144812235874456,0.020303995939200813,0.42962417096536476,0.15446738754455355,0.25774916547448734,0.20859019029750736,0.5144696569920845,0.17555929757036323,4194.0,14924.0,
mlp_plain_s1,FAR,612430,213274,0.89907954639048,0.5334587952924491,0.6331667244952502,0.00452454679373478,0.4698181681780245,0.21665556983035908,0.31528173646130236,0.44356921487603307,0.5884803046531001,0.3352296060100973,22805.0,131648.0,
mlp_plain_s1,year2013,9489,4729,0.9948975434961467,0.9700724561587735,,,0.9405794036794248,,,,,,,,0.010084033613445379
mlp_plain_s1,year2014,5797,2252,0.9943920088584478,0.9670818505338078,,,0.8743339253996447,,,,,,,,0.00930888575458392
mlp_plain_s1,year2016,109193,45134,0.9445262103151845,0.8310495518850456,,,0.571985642752692,,,,,,,,0.015594998360886058
mlp_plain_s1,year2017,99144,21359,0.5603238855309157,0.12631847567199728,,,0.039983145278337004,,,,,,,,0.0021597994471941892
mlp_plain_s1,year2018,104292,39350,0.6207379928926513,0.22322064056939503,,,0.08653113087674714,,,,,,,,0.0019401927874103046
mlp_plain_s1,year2019,91050,41585,0.9502123606319737,0.6650261946340689,,,0.3716003366598533,,,,,,,,0.002911149297483069
mlp_plain_s1,year2020,102073,46355,0.9485612042558844,0.6058966810621796,,,0.2776615251860641,,,,,,,,0.0015434868444667792
mlp_plain_s1,year2021,81155,35627,0.9394067532784444,0.5266124884271165,,,0.16243298621831756,,,,,,,,0.0012300123001230013
mlp_plain_s1,year2022,86416,41648,0.9492001490112887,0.5797540272509228,,,0.25463407606607763,,,,,,,,0.000536097212294496
mlp_plain_s1,year2023,54354,7892,0.8821556345235166,0.4082573404148712,,,0.14432336543335023,,,,,,,,0.00025827558004390687
mlp_plain_s1,year2024,48427,794,0.7949573356870417,0.2525458248472505,,,0.06297229219143577,,,,,,,,0.00023093233682531017
mlp_plain_s1,year2025,44663,23,0.6244044140564127,0.0,,,0.0,,,,,,,,0.00013440860215053763
mlp_plain_s2,IID,15286,6981,0.9949216765451181,0.9691116949513598,0.022489614668385616,0.033473810957254664,0.9129064603924939,0.6436040681850738,0.07692307692307693,0.765,0.9235688185140073,0.8665168539325843,13.0,400.0,
mlp_plain_s2,NEAR,208337,66493,0.8763872332471347,0.6844847998955896,0.44788173191162983,0.028651194269761145,0.39193599326244866,0.05969049373618276,0.21721506914639963,0.20537389439828463,0.4661741424802111,0.15708443589126775,4194.0,14924.0,
mlp_plain_s2,FAR,612430,213274,0.9283074448261127,0.6293706293706294,0.5358083967103351,0.0058272955937027126,0.5250194585369056,0.2186389339535058,0.29668932251699187,0.5362101968886728,0.5884973053841315,0.4001860038167017,22805.0,131648.0,
mlp_plain_s2,year2013,9489,4729,0.9944691124493781,0.969861866889912,,,0.9168957496299429,,,,,,,,0.011554621848739496
mlp_plain_s2,year2014,5797,2252,0.9955373941232617,0.9675281643472499,,,0.9045293072824157,,,,,,,,0.007616361071932299
mlp_plain_s2,year2016,109193,45134,0.9434336297285563,0.8313402967590785,,,0.5153985908627642,,,,,,,,0.014080769290810034
mlp_plain_s2,year2017,99144,21359,0.7451844820719323,0.2091085041671604,,,0.04377545765251182,,,,,,,,0.0038953525744038053
mlp_plain_s2,year2018,104292,39350,0.810876958843972,0.2365331870543061,,,0.08335451080050826,,,,,,,,0.002463736872901974
mlp_plain_s2,year2019,91050,41585,0.9505959669631341,0.7480610383640057,,,0.3871828784417458,,,,,,,,0.003072879814009906
mlp_plain_s2,year2020,102073,46355,0.9550411143819139,0.7196555176149532,,,0.30907129759464996,,,,,,,,0.0014537492372303385
mlp_plain_s2,year2021,81155,35627,0.9424046243558001,0.6744934181334122,,,0.2115249670193954,,,,,,,,0.0013178703215603585
mlp_plain_s2,year2022,86416,41648,0.945534757988305,0.6715412004069176,,,0.2645505186323473,,,,,,,,0.000491422444603288
mlp_plain_s2,year2023,54354,7892,0.8741300503179213,0.4946989776599773,,,0.1511657374556513,,,,,,,,0.00019370668503293013
mlp_plain_s2,year2024,48427,794,0.7734855066558696,0.3336585365853659,,,0.037783375314861464,,,,,,,,0.00010496924401150462
mlp_plain_s2,year2025,44663,23,0.5916218637992832,0.0,,,0.0,,,,,,,,0.0001568100358422939
mlp_plain_s3,IID,15286,6981,0.9952805244750932,0.969421134973688,0.023635582294800117,0.03190848886213125,0.9137659361123048,0.6626557799742158,0.15384615384615385,0.7475,0.9253958587088916,0.8615730337078652,13.0,400.0,
mlp_plain_s3,NEAR,208337,66493,0.8402171955482173,0.6668974356575513,0.46397365136179747,0.03351569329686134,0.3365015866331794,0.09742378897026754,0.1659513590844063,0.17321093540605736,0.4030395778364116,0.11801780129901371,4194.0,14924.0,
mlp_plain_s3,FAR,612430,213274,0.9160221503221926,0.6089250002415295,0.5567110852705909,0.006776799045987033,0.5045575175595712,0.18137700798034453,0.30795878096908574,0.5027953330092367,0.584723143095153,0.37897673744474236,22805.0,131648.0,
mlp_plain_s3,year2013,9489,4729,0.9948259976437182,0.9705543330189668,,,0.9213364347642208,,,,,,,,0.01134453781512605
mlp_plain_s3,year2014,5797,2252,0.9959227591459214,0.9670281035627352,,,0.8978685612788633,,,,,,,,0.007898448519040903
mlp_plain_s3,year2016,109193,45134,0.9454015750229393,0.8236881816731895,,,0.5417866796649976,,,,,,,,0.01779609422563574
mlp_plain_s3,year2017,99144,21359,0.6281477460153321,0.16335697399527188,,,0.04705276464253944,,,,,,,,0.01091470077778492
mlp_plain_s3,year2018,104292,39350,0.6843315256929291,0.23177089013457805,,,0.0873697585768742,,,,,,,,0.006405715869545132
mlp_plain_s3,year2019,91050,41585,0.9503909815062043,0.7353654519867054,,,0.40846459059757123,,,,,,,,0.00400283028403922
mlp_plain_s3,year2020,102073,46355,0.9506612202969535,0.7025593312132868,,,0.334548592384856,,,,,,,,0.002081912487885423
mlp_plain_s3,year2021,81155,35627,0.9451465621215643,0.6275493594285605,,,0.19603110000842058,,,,,,,,0.001295905816201019
mlp_plain_s3,year2022,86416,41648,0.956025517981019,0.6585424594191032,,,0.2995101805608913,,,,,,,,0.0006477841315225161
mlp_plain_s3,year2023,54354,7892,0.8966466756902396,0.456371930505678,,,0.15382665990876837,,,,,,,,0.00036589040506220135
mlp_plain_s3,year2024,48427,794,0.8102587314712758,0.2644964394710071,,,0.05037783375314862,,,,,,,,0.0001469569416161065
mlp_plain_s3,year2025,44663,23,0.6497677068723703,0.0,,,0.0,,,,,,,,0.0001568100358422939
mlp_plain_s4,IID,15286,6981,0.9951425047137059,0.9695670810115731,0.027932960893854775,0.02781456953642384,0.9162011173184358,0.6633720097407249,0.15384615384615385,0.735,0.9287454323995128,0.8615730337078652,13.0,400.0,
mlp_plain_s4,NEAR,208337,66493,0.8592871025564276,0.6539685573660821,0.485449596198096,0.027692394461521108,0.3507737656595431,0.08976884784864572,0.1742966142107773,0.1767622621281158,0.4212137203166227,0.12552321385614626,4194.0,14924.0,
mlp_plain_s4,FAR,612430,213274,0.9089631334586792,0.5854770901833767,0.5804598779035419,0.007275350990590145,0.4599154139745117,0.16534598685259339,0.27612365709274284,0.4481268230432669,0.557555974906921,0.3363407976423412,22805.0,131648.0,
mlp_plain_s4,year2013,9489,4729,0.9945569621377839,0.9708819510144013,,,0.9245083527172764,,,,,,,,0.010924369747899159
mlp_plain_s4,year2014,5797,2252,0.9959444919043909,0.966778149386845,,,0.8987566607460036,,,,,,,,0.00846262341325811
mlp_plain_s4,year2016,109193,45134,0.944232844727775,0.8048151763145381,,,0.5127619976071255,,,,,,,,0.017561935091087902
mlp_plain_s4,year2017,99144,21359,0.6889791631572851,0.16633631325593626,,,0.04822323142469217,,,,,,,,0.005065243941633991
mlp_plain_s4,year2018,104292,39350,0.6976234853212977,0.234531964719529,,,0.08630241423125794,,,,,,,,0.004480921437590465
mlp_plain_s4,year2019,91050,41585,0.9492389393734311,0.7010612845837678,,,0.3714560538655765,,,,,,,,0.0055392701910441725
mlp_plain_s4,year2020,102073,46355,0.9449636018031522,0.6700748377568554,,,0.30561967425304715,,,,,,,,0.002943393517355253
mlp_plain_s4,year2021,81155,35627,0.9375027635191084,0.6267388683722087,,,0.2207314677070761,,,,,,,,0.002064663503777895
mlp_plain_s4,year2022,86416,41648,0.9479577039041011,0.6170691366192524,,,0.2557145601229351,,,,,,,,0.0008711579699785561
mlp_plain_s4,year2023,54354,7892,0.8715948634882218,0.4761995611943146,,,0.1711860111505322,,,,,,,,0.0005380741250914726
mlp_plain_s4,year2024,48427,794,0.7804705488294449,0.2757955641272903,,,0.06926952141057935,,,,,,,,0.000293913883232213
mlp_plain_s4,year2025,44663,23,0.5992242286115006,0.0,,,0.0,,,,,,,,0.00017921146953405018
proto_plain,IID,15286,6981,0.9950928903868339,0.9714285714285714,0.02592751754762923,0.02636965683323299,0.9110442629995703,0.5907463114167025,0.15384615384615385,0.72,0.9241778319123021,0.8530337078651685,13.0,400.0,
proto_plain,NEAR,208337,66493,0.8355599368771542,0.6662864313009753,0.4729370008873115,0.025795944840811033,0.3684899162317838,0.12025325974162694,0.18502622794468288,0.17006164567140178,0.4472401055408971,0.1393312484965119,4194.0,14924.0,
proto_plain,FAR,612430,213274,0.9109395319961461,0.5929663947075409,0.573009368230539,0.0070498752367495416,0.48038204375591964,0.1749158359668783,0.24823503617627712,0.4837293388429752,0.5628942044507914,0.3588907408749426,22805.0,131648.0,
proto_plain,year2013,9489,4729,0.9949374145936658,0.9721199368753288,,,0.9187989004017763,,,,,,,,0.011134453781512605
proto_plain,year2014,5797,2252,0.995255807719576,0.9699666295884316,,,0.8947602131438721,,,,,,,,0.008180535966149507
proto_plain,year2016,109193,45134,0.9460835567145622,0.8228807034102481,,,0.5286923383701866,,,,,,,,0.013393902496136374
proto_plain,year2017,99144,21359,0.6049214669530527,0.15529259199221915,,,0.04134088674563416,,,,,,,,0.00754644211608922
proto_plain,year2018,104292,39350,0.6986267306372138,0.20922544429899492,,,0.08302414231257942,,,,,,,,0.0043115395275784545
proto_plain,year2019,91050,41585,0.943513445009856,0.7068122057114903,,,0.3808344354935674,,,,,,,,0.0036995855655514
proto_plain,year2020,102073,46355,0.9482514940358184,0.6850716896260894,,,0.31142271599611693,,,,,,,,0.002602390609856779
proto_plain,year2021,81155,35627,0.9419853724593928,0.6449679607990954,,,0.22480141465742273,,,,,,,,0.0023721665788086453
proto_plain,year2022,86416,41648,0.9437181960448947,0.6275719489384045,,,0.26094890510948904,,,,,,,,0.0008264832022873481
proto_plain,year2023,54354,7892,0.8733486456011564,0.4754615899741701,,,0.169158641662443,,,,,,,,0.00036589040506220135
proto_plain,year2024,48427,794,0.7715627715285971,0.29346733668341707,,,0.08690176322418136,,,,,,,,0.00020993848802300925
proto_plain,year2025,44663,23,0.6339021349540284,0.0,,,0.0,,,,,,,,0.00020161290322580645
ens_gt_lgbm,IID,15286,6981,0.9962580810854887,0.8054288189431129,0.0011459676264145013,0.40469596628537025,0.9398366996132359,0.7421572840567254,0.15384615384615385,0.8025,0.9497563946406821,0.8961797752808989,13.0,400.0,
ens_gt_lgbm,NEAR,208337,66493,0.8369155566171593,0.6302622570178311,0.20396131923661143,0.3422139815572037,0.49711999759373166,0.26002737130224235,0.26514067715784456,0.2274859287054409,0.6025963060686016,0.24118354582631704,4194.0,14924.0,
ens_gt_lgbm,FAR,612430,213274,0.889926252315292,0.7409617189944717,0.16731528456351918,0.22168275060377396,0.3876843872201956,0.13811341279293304,0.296031572023679,0.3061117525522606,0.6057870488431003,0.2371911008044061,22805.0,131648.0,
ens_gt_lgbm,year2013,9489,4729,0.9959968307475243,0.8171280276816609,,,0.945231550010573,,,,,,,,0.011134453781512605
ens_gt_lgbm,year2014,5797,2252,0.9965002743212742,0.7819287576020851,,,0.9285079928952042,,,,,,,,0.008180535966149507
ens_gt_lgbm,year2016,109193,45134,0.9594828235200845,0.7678204547828812,,,0.5744892985332565,,,,,,,,0.009912736695858505
ens_gt_lgbm,year2017,99144,21359,0.5736208844414465,0.3326741623820555,,,0.05964698721850274,,,,,,,,0.0017998328726618242
ens_gt_lgbm,year2018,104292,39350,0.6188147525793419,0.4173181986225405,,,0.08343074968233799,,,,,,,,0.003095069446583105
ens_gt_lgbm,year2019,91050,41585,0.9485488890075351,0.8466763449861713,,,0.30951064085607793,,,,,,,,0.004730617608409987
ens_gt_lgbm,year2020,102073,46355,0.9478017712730465,0.8486867591229565,,,0.17980800345162334,,,,,,,,0.0015973294088086436
ens_gt_lgbm,year2021,81155,35627,0.9364895550728438,0.845970297158802,,,0.056530159710332054,,,,,,,,0.0011641187840449832
ens_gt_lgbm,year2022,86416,41648,0.9654935915221399,0.8789881190762248,,,0.1693718786016135,,,,,,,,0.000536097212294496
ens_gt_lgbm,year2023,54354,7892,0.8759570410563702,0.5418471056120194,,,0.09477952356817029,,,,,,,,0.0003013215100512247
ens_gt_lgbm,year2024,48427,794,0.7780042078653323,0.09518337642439911,,,0.012594458438287154,,,,,,,,8.397539520920371e-05
ens_gt_lgbm,year2025,44663,23,0.6634389122642979,0.002213858755811379,,,0.0,,,,,,,,0.0
ens_gttuned_lgbm,IID,15286,6981,0.9964583235773438,0.8192983487101134,0.0014324595330181822,0.3690547862733293,0.9395502077066323,0.7365706918779544,0.15384615384615385,0.8175,0.9485383678440926,0.8961797752808989,13.0,400.0,
ens_gttuned_lgbm,NEAR,208337,66493,0.8487112898602565,0.6398309458893254,0.2076759959695006,0.3208031358393728,0.48105815649767647,0.24273231768757614,0.26490224129709106,0.25160814794961134,0.5724749340369393,0.24421457782054365,4194.0,14924.0,
ens_gttuned_lgbm,FAR,612430,213274,0.8913016898479296,0.7310362050507345,0.16274838939580072,0.24222359177865296,0.3739321248722301,0.13459212093363468,0.28541986406489805,0.2875926713660671,0.6014858638921473,0.2275406430417663,22805.0,131648.0,
ens_gttuned_lgbm,year2013,9489,4729,0.9960779278935089,0.8259576701066993,,,0.9448086276168323,,,,,,,,0.011134453781512605
ens_gttuned_lgbm,year2014,5797,2252,0.9969256601873402,0.8056600394053376,,,0.9285079928952042,,,,,,,,0.008180535966149507
ens_gttuned_lgbm,year2016,109193,45134,0.957806169269915,0.7758068794765232,,,0.5666238312580316,,,,,,,,0.010100064003496776
ens_gttuned_lgbm,year2017,99144,21359,0.6154719020965937,0.34176503653738055,,,0.0715389297251744,,,,,,,,0.0016069936363052003
ens_gttuned_lgbm,year2018,104292,39350,0.6172116904471145,0.39710201683963187,,,0.0843964421855146,,,,,,,,0.004018970773921346
ens_gttuned_lgbm,year2019,91050,41585,0.9475625948885491,0.8460567557902265,,,0.3032583864374173,,,,,,,,0.004993429697766097
ens_gttuned_lgbm,year2020,102073,46355,0.9476374750814318,0.8421363627699522,,,0.18004530255635853,,,,,,,,0.0020101224020962704
ens_gttuned_lgbm,year2021,81155,35627,0.9378205605101575,0.8396392739818115,,,0.06172285064698122,,,,,,,,0.0014716218590757335
ens_gttuned_lgbm,year2022,86416,41648,0.9657973451877706,0.875111164787387,,,0.1666106415674222,,,,,,,,0.00046908506075768404
ens_gttuned_lgbm,year2023,54354,7892,0.8888643825320968,0.5390319086894942,,,0.09591991890522047,,,,,,,,0.0003013215100512247
ens_gttuned_lgbm,year2024,48427,794,0.7836689114573057,0.0873440285204991,,,0.013853904282115869,,,,,,,,4.1987697604601855e-05
ens_gttuned_lgbm,year2025,44663,23,0.6310542309490416,0.001301720130172013,,,0.0,,,,,,,,6.720430107526882e-05
ens_gttuned_mlp_lgbm,IID,15286,6981,0.9965107493539919,0.8112164756530339,0.0012892135797163418,0.3896447922937989,0.9497206703910615,0.7192379315284343,0.15384615384615385,0.8275,0.9587393422655298,0.9137078651685393,13.0,400.0,
ens_gttuned_mlp_lgbm,NEAR,208337,66493,0.8528401554681683,0.6264158119302583,0.20734513407426347,0.34600688079862385,0.4670416434812687,0.25058276811092894,0.2520267048164044,0.20202358616992763,0.5695620052770448,0.2015395718065913,4194.0,14924.0,
ens_gttuned_mlp_lgbm,FAR,612430,213274,0.9130177287428312,0.7540802997992714,0.1527424815026679,0.21365581376704848,0.47775631347468517,0.17239325937526376,0.3324270993203245,0.4363833859990277,0.6266979480117645,0.32958910065946806,22805.0,131648.0,
ens_gttuned_mlp_lgbm,year2013,9489,4729,0.9962453198661576,0.8178354978354978,,,0.9545358426728695,,,,,,,,0.011134453781512605
ens_gttuned_mlp_lgbm,year2014,5797,2252,0.9967997730273295,0.7976591594254301,,,0.9396092362344582,,,,,,,,0.008180535966149507
ens_gttuned_mlp_lgbm,year2016,109193,45134,0.9579497507979371,0.7692105723787852,,,0.5993042938804449,,,,,,,,0.013690504066563637
ens_gttuned_mlp_lgbm,year2017,99144,21359,0.6313533286788726,0.32437335702913844,,,0.04775504471183108,,,,,,,,0.001966960210837565
ens_gttuned_mlp_lgbm,year2018,104292,39350,0.6685613318454386,0.45494534790722474,,,0.08452350698856417,,,,,,,,0.00214037140833359
ens_gttuned_mlp_lgbm,year2019,91050,41585,0.9574455256066168,0.8515425187574951,,,0.341974269568354,,,,,,,,0.0033559082179318712
ens_gttuned_mlp_lgbm,year2020,102073,46355,0.9599937231491112,0.8548393348579403,,,0.21863876604465537,,,,,,,,0.0014537492372303385
ens_gttuned_mlp_lgbm,year2021,81155,35627,0.9499433694670563,0.8592561833329008,,,0.07881662783843714,,,,,,,,0.0014716218590757335
ens_gttuned_mlp_lgbm,year2022,86416,41648,0.9688803428825321,0.8891144494067759,,,0.20658855167114867,,,,,,,,0.00042441029306647605
ens_gttuned_mlp_lgbm,year2023,54354,7892,0.9002094436486996,0.5853793357593625,,,0.10745058286872783,,,,,,,,0.00025827558004390687
ens_gttuned_mlp_lgbm,year2024,48427,794,0.7980461151834654,0.09982622127823904,,,0.015113350125944584,,,,,,,,4.1987697604601855e-05
ens_gttuned_mlp_lgbm,year2025,44663,23,0.6395560620227521,0.001775410563692854,,,0.0,,,,,,,,8.960573476702509e-05
ens_mlp_lgbm,IID,15286,6981,0.9963792062759839,0.8106976744186046,0.0012892135797163418,0.3909692956050572,0.9435610943990832,0.6792723105572268,0.15384615384615385,0.81,0.9532582216808769,0.9011235955056179,13.0,400.0,
ens_mlp_lgbm,NEAR,208337,66493,0.8416622848415614,0.615275532488159,0.18435023235528547,0.3917472716505457,0.4843968538041598,0.28249590182425216,0.2761087267525036,0.23492361297239345,0.5814248021108179,0.2197738753909069,4194.0,14924.0,
ens_mlp_lgbm,FAR,612430,213274,0.9163157583087918,0.7650856217968246,0.13450303365623562,0.21211506278247103,0.5436105666888603,0.21056481333870983,0.3586055689541767,0.5325717063684978,0.6400435218714404,0.4041476435490495,22805.0,131648.0,
ens_mlp_lgbm,year2013,9489,4729,0.9961481632196122,0.82257643062451,,,0.9490378515542398,,,,,,,,0.010714285714285714
ens_mlp_lgbm,year2014,5797,2252,0.9966351802628977,0.7868508480503584,,,0.9320603907637656,,,,,,,,0.008744710860366713
ens_mlp_lgbm,year2016,109193,45134,0.9603833431881744,0.7587075546872992,,,0.5953604821199096,,,,,,,,0.011489408201813952
ens_mlp_lgbm,year2017,99144,21359,0.5878859244610879,0.3343402812741248,,,0.04297954024064797,,,,,,,,0.0014655781963103427
ens_mlp_lgbm,year2018,104292,39350,0.654735688304728,0.5121784379351624,,,0.08449809402795426,,,,,,,,0.0018939977210433927
ens_mlp_lgbm,year2019,91050,41585,0.9592739603647206,0.8461287504867345,,,0.3715281952627149,,,,,,,,0.0030324471848781967
ens_mlp_lgbm,year2020,102073,46355,0.9631270144524763,0.8605607986896497,,,0.2726350986948549,,,,,,,,0.001651171973150508
ens_mlp_lgbm,year2021,81155,35627,0.9530028662498873,0.8620762265740156,,,0.12585960086451287,,,,,,,,0.0015375153751537515
ens_mlp_lgbm,year2022,86416,41648,0.971516412959153,0.898111326376851,,,0.2521129466000768,,,,,,,,0.00040207290922087205
ens_mlp_lgbm,year2023,54354,7892,0.9019723168416951,0.6021322766298708,,,0.12366953877344146,,,,,,,,0.0002797985450475658
ens_mlp_lgbm,year2024,48427,794,0.7999570049149403,0.10906004667939741,,,0.027707808564231738,,,,,,,,2.0993848802300927e-05
ens_mlp_lgbm,year2025,44663,23,0.6295771972884525,0.0017066926734121662,,,0.0,,,,,,,,2.2401433691756272e-05
ens_gt_mlp_lgbm,IID,15286,6981,0.9963655629828999,0.8013328737217051,0.001002721673112772,0.4155328115593016,0.9454232917920069,0.7470276464689872,0.15384615384615385,0.8075,0.9553897685749086,0.9029213483146067,13.0,400.0,
ens_gt_mlp_lgbm,NEAR,208337,66493,0.8455257553184725,0.6341654854090275,0.18588422841502117,0.3531767293646541,0.4654775690674206,0.2653061224489796,0.24821173104434907,0.20168855534709193,0.5678100263852243,0.1987009862881886,4194.0,14924.0,
ens_gt_mlp_lgbm,FAR,612430,213274,0.9117580137306425,0.7777379546114873,0.14024681864643607,0.18762589062922766,0.49164455114078603,0.17878878813169913,0.3392238544178908,0.4557456246961595,0.6310841366178745,0.34571345749692006,22805.0,131648.0,
ens_gt_mlp_lgbm,year2013,9489,4729,0.9961990738354974,0.8125214998280014,,,0.9511524635229436,,,,,,,,0.010924369747899159
ens_gt_mlp_lgbm,year2014,5797,2252,0.9965102951897327,0.778816199376947,,,0.933392539964476,,,,,,,,0.00846262341325811
ens_gt_mlp_lgbm,year2016,109193,45134,0.9590211785148135,0.763790493490766,,,0.5895555457083351,,,,,,,,0.012863141791161273
ens_gt_mlp_lgbm,year2017,99144,21359,0.6052957611183969,0.36228386886078706,,,0.04466501240694789,,,,,,,,0.0019155364144757988
ens_gt_mlp_lgbm,year2018,104292,39350,0.6659069126563408,0.5388396250316696,,,0.08571791613722998,,,,,,,,0.0017400141664870193
ens_gt_mlp_lgbm,year2019,91050,41585,0.9574361738900087,0.8541310297639412,,,0.3373812672838764,,,,,,,,0.003072879814009906
ens_gt_mlp_lgbm,year2020,102073,46355,0.9596611432451524,0.8626490378939913,,,0.21343975838636609,,,,,,,,0.001238378979862881
ens_gt_mlp_lgbm,year2021,81155,35627,0.9485749571090737,0.8645569115947995,,,0.07320290790692452,,,,,,,,0.0012080477947636619
ens_gt_mlp_lgbm,year2022,86416,41648,0.9686541041973653,0.8979133483825872,,,0.20214656165962352,,,,,,,,0.00037973552537526805
ens_gt_mlp_lgbm,year2023,54354,7892,0.8944782178758075,0.6074911236685503,,,0.09946781550937658,,,,,,,,0.00023675261504024794
ens_gt_mlp_lgbm,year2024,48427,794,0.7921188430580772,0.1218877740616871,,,0.021410579345088162,,,,,,,,6.298154640690278e-05
ens_gt_mlp_lgbm,year2025,44663,23,0.6696353436185133,0.0020706996006507913,,,0.0,,,,,,,,4.4802867383512545e-05
