file_type,variant,n,roc_auc,pr_auc,tpr@0.01,tpr@0.001,ch_det@0.01(test-thr),ch_det@0.01(val-thr),test_tpr@0.01(val-thr),test_fpr@0.01(val-thr),ch_det@0.001(test-thr),ch_det@0.001(val-thr),test_tpr@0.001(val-thr),test_fpr@0.001(val-thr),n_test_mal_known_fam,n_test_mal_novel_fam,n_test_mal_nofam,tpr@0.01_known_fam,tpr@0.01_novel_fam,tpr@0.01_nofam,ch_det@0.01_known_fam,ch_det@0.01_novel_fam,ch_det@0.01_nofam,tpr@0.01_lowconsensus_q1,tpr@0.01_highconsensus,wk52_tpr@0.01,wk53_tpr@0.01,wk54_tpr@0.01,wk55_tpr@0.01,wk56_tpr@0.01,wk57_tpr@0.01,wk58_tpr@0.01,wk59_tpr@0.01,wk60_tpr@0.01,wk61_tpr@0.01,wk62_tpr@0.01,wk63_tpr@0.01,best_iter,train_sec,infer_us
APK,gtformer_plain,48000,0.9747157534722222,0.9772364237769489,0.7337916666666666,0.4472083333333333,0.30078125,0.28515625,0.718125,0.008625,0.09375,0.109375,0.503125,0.001875,17877,91,6032,0.743637075571964,0.6043956043956044,0.7022546419098143,0.27319587628865977,0.2857142857142857,0.4,0.6465313827277017,0.763758997902851,0.766,0.742,0.7245,0.653,0.726,0.725,0.7885,0.7595,0.698,0.735,0.748,0.727,0.0,561.110503911972,7.890467842419943
APK,mlp_mlp_plain,48000,0.9771411840277776,0.9790168760387481,0.7407083333333333,0.48941666666666667,0.33203125,0.32421875,0.7294583333333333,0.008958333333333334,0.109375,0.10546875,0.42983333333333335,0.0006666666666666666,17877,91,6032,0.7478324103596801,0.6373626373626373,0.7211538461538461,0.29896907216494845,0.2857142857142857,0.45454545454545453,0.6676105081013056,0.7670464206767557,0.766,0.742,0.737,0.665,0.7365,0.7285,0.807,0.7595,0.6945,0.7445,0.7695,0.7385,0.0,460.8935902118683,9.076793988545736
APK,moe_plain,48000,0.9771377170138887,0.9790608151235436,0.7445,0.48183333333333334,0.34765625,0.34765625,0.74825,0.010541666666666666,0.171875,0.1484375,0.4472083333333333,0.0008333333333333334,17877,91,6032,0.7483358505342059,0.6263736263736264,0.7306034482758621,0.3247422680412371,0.2857142857142857,0.43636363636363634,0.6834985055843952,0.7650059513688148,0.787,0.7475,0.75,0.654,0.7305,0.731,0.805,0.755,0.704,0.7425,0.779,0.7355,0.0,529.3012647628784,12.78458038965861
APK,proto_plain,48000,0.9769583975694445,0.9790451461571552,0.7412916666666667,0.5035416666666667,0.30859375,0.30078125,0.7319583333333334,0.009416666666666667,0.1484375,0.11328125,0.42866666666666664,0.0005,17877,91,6032,0.7476645969681714,0.6153846153846154,0.7241379310344828,0.27319587628865977,0.2857142857142857,0.43636363636363634,0.6748466257668712,0.7651759904778099,0.773,0.753,0.7415,0.696,0.737,0.736,0.78,0.762,0.6945,0.7335,0.759,0.7295,0.0,650.8101258277893,19.659221172332764
Dot_Net,gtformer_plain,59953,0.9963122942610089,0.9961779620305139,0.9306666666666666,0.6998333333333333,0.7828709288299156,0.7961399276236429,0.9395666666666667,0.011785130037058058,0.617611580217129,0.638118214716526,0.7592,0.0016025105999399058,24967,218,4815,0.9482917451035366,0.8348623853211009,0.8388369678089305,0.42771084337349397,0.0,0.885145482388974,0.8188204108681246,0.967223335560009,0.9328,0.932,0.936,0.9304,0.9288,0.9352,0.94,0.9252,0.93,0.9272,0.9272,0.914,0.0,561.110503911972,7.907536947134468
Dot_Net,mlp_mlp_plain,59953,0.9961937140408862,0.9962240437185279,0.9143666666666667,0.7124,0.7696019300361882,0.7973462002412546,0.9337,0.012987012987012988,0.5838359469240049,0.5983112183353438,0.7382333333333333,0.0014021967749474175,24967,218,4815,0.9360355669483719,0.8348623853211009,0.805607476635514,0.39759036144578314,0.2,0.8728943338437979,0.7866136514247847,0.9572923625027834,0.9116,0.908,0.9232,0.9252,0.914,0.9224,0.9264,0.9168,0.9188,0.9072,0.9064,0.8924,0.0,460.8935902118683,8.279117271623514
Dot_Net,moe_plain,59953,0.996072072357805,0.9960335484258012,0.9178333333333333,0.6718333333333333,0.7720144752714113,0.7840772014475271,0.9323333333333333,0.012686542249524254,0.5560916767189384,0.5910735826296744,0.7204,0.0012352685874536774,24967,218,4815,0.9385989506148116,0.8348623853211009,0.8139148494288682,0.39156626506024095,0.1,0.8790199081163859,0.794963552021206,0.9591182364729459,0.9188,0.914,0.9248,0.9224,0.916,0.93,0.9252,0.9216,0.9212,0.9072,0.9084,0.9044,0.0,529.3012647628784,11.549801981013871
Dot_Net,proto_plain,59953,0.9964255555926507,0.9964376462079575,0.9285333333333333,0.7349666666666667,0.7768395657418576,0.7961399276236429,0.9405,0.01241945714953427,0.548854041013269,0.5645355850422196,0.7486666666666667,0.0011351116749574333,24967,218,4815,0.9460087315256138,0.8486238532110092,0.8388369678089305,0.41566265060240964,0.0,0.8805513016845329,0.8153744201457919,0.9659763972389223,0.9356,0.9304,0.9332,0.9328,0.9336,0.9332,0.9388,0.9244,0.9256,0.9224,0.9148,0.9124,0.0,650.8101258277893,15.722602337885624
ELF,gtformer_plain,5989,0.984103156016505,0.9825740255979102,0.7733333333333333,0.06433333333333334,0.14248704663212436,0.4481865284974093,0.9273333333333333,0.026430244228839078,0.0,0.015544041450777202,0.22933333333333333,0.0016728002676480427,2835,28,137,0.8070546737213404,0.2857142857142857,0.17518248175182483,0.19083969465648856,0.2,0.11428571428571428,0.5361077111383109,0.8621163536417774,0.692,0.832,0.828,0.82,0.876,0.74,0.756,0.66,0.692,0.764,0.78,0.84,0.0,561.110503911972,7.121426411474422
ELF,mlp_mlp_plain,5989,0.9881404037024645,0.9892726329635639,0.8703333333333333,0.5113333333333333,0.24870466321243523,0.5751295336787565,0.93,0.03278688524590164,0.0051813471502590676,0.27202072538860106,0.8846666666666667,0.013047842087654735,2835,28,137,0.8952380952380953,0.35714285714285715,0.27007299270072993,0.35877862595419846,0.2,0.19183673469387755,0.6266829865361077,0.9496106275767293,0.808,0.952,0.9,0.908,0.932,0.84,0.828,0.752,0.784,0.848,0.884,0.904,0.0,460.8935902118683,5.529965476970637
ELF,moe_plain,5989,0.9857893386862944,0.9867857895143933,0.8013333333333333,0.4563333333333333,0.18652849740932642,0.40414507772020725,0.92,0.029106724657075946,0.03367875647668394,0.14766839378238342,0.7503333333333333,0.00702576112412178,2835,28,137,0.8257495590828924,0.32142857142857145,0.20437956204379562,0.2748091603053435,0.2,0.13877551020408163,0.5287637698898409,0.891433806688044,0.736,0.884,0.812,0.848,0.884,0.772,0.788,0.648,0.716,0.776,0.792,0.856,0.0,529.3012647628784,12.227899344701125
ELF,proto_plain,5989,0.9865587152893944,0.9882109701195592,0.841,0.5786666666666667,0.16580310880829016,0.49222797927461137,0.932,0.031114084978253596,0.018134715025906734,0.20466321243523317,0.8586666666666667,0.010705921712947474,2835,28,137,0.872663139329806,0.21428571428571427,0.20437956204379562,0.31297709923664124,0.1,0.08979591836734693,0.5642594859241126,0.9377004122766834,0.788,0.952,0.884,0.876,0.928,0.8,0.8,0.696,0.764,0.808,0.852,0.884,0.0,650.8101258277893,20.383216041339463
PDF,gtformer_plain,12000,0.9820710972222222,0.9867077052779236,0.8906666666666667,0.6463333333333333,0.5242236024844721,0.5788819875776398,0.9211666666666667,0.017666666666666667,0.19006211180124225,0.45590062111801244,0.8438333333333333,0.007166666666666667,1307,44,4649,0.8056618209640398,0.8181818181818182,0.9141750914175092,0.48854961832061067,0.5,0.53125,0.8255813953488372,0.9121743036837376,0.988,0.964,0.878,0.902,0.87,0.938,0.924,0.852,0.8,0.824,0.842,0.896,0.0,561.110503911972,7.555623849232991
PDF,mlp_mlp_plain,12000,0.9833585833333334,0.9870743116786197,0.8353333333333334,0.66,0.5304347826086957,0.5801242236024845,0.9113333333333333,0.017,0.19751552795031055,0.23975155279503105,0.6643333333333333,0.0011666666666666668,1307,44,4649,0.613618974751339,0.7954545454545454,0.895461389546139,0.48091603053435117,0.5,0.5401785714285714,0.8145994832041343,0.8398472596585804,0.978,0.966,0.876,0.908,0.902,0.95,0.926,0.768,0.628,0.638,0.644,0.816,0.0,460.8935902118683,9.328206380208332
PDF,moe_plain,12000,0.978951125,0.9831042619574449,0.793,0.6583333333333333,0.5229813664596273,0.5602484472049689,0.837,0.015,0.2683229813664596,0.39751552795031053,0.707,0.0025,1307,44,4649,0.5210405508798776,0.7727272727272727,0.8664228866422886,0.4732824427480916,0.5,0.5327380952380952,0.7842377260981912,0.7926774483378257,0.988,0.954,0.876,0.898,0.898,0.932,0.922,0.692,0.494,0.526,0.528,0.778,0.0,529.3012647628784,12.08879550298055
PDF,proto_plain,12000,0.9860279166666669,0.988310822004967,0.8131666666666667,0.6686666666666666,0.5428571428571428,0.6086956521739131,0.891,0.018333333333333333,0.24720496894409938,0.4658385093167702,0.746,0.005666666666666667,1307,44,4649,0.5723029839326702,0.8181818181818182,0.8786835878683588,0.48091603053435117,0.5,0.5550595238095238,0.7887596899224806,0.8194070080862533,0.982,0.958,0.872,0.9,0.898,0.928,0.918,0.746,0.55,0.584,0.6,0.802,0.0,650.8101258277893,20.683368047078453
Win32,gtformer_plain,359994,0.9975348368248077,0.9977596304615857,0.9598444444444444,0.8774944444444445,0.5010852713178294,0.4843410852713178,0.9549166666666666,0.008211384823938576,0.33178294573643413,0.3221705426356589,0.8550888888888889,0.0005111281487160683,158944,967,20089,0.9684039661767666,0.8934850051706308,0.8951167305490567,0.6040587219343696,0.1111111111111111,0.24,0.8856111038593744,0.9852723935717803,0.9639333333333333,0.9655333333333334,0.9681333333333333,0.9679333333333333,0.9692666666666667,0.9617333333333333,0.9664666666666667,0.9570666666666666,0.9432666666666667,0.9535333333333333,0.9531333333333334,0.9478666666666666,0.0,561.110503911972,7.856031062533497
Win32,mlp_mlp_plain,359994,0.9974080183382656,0.997596416021132,0.9539611111111111,0.8574333333333334,0.4874418604651163,0.4806201550387597,0.9474,0.008250275009166972,0.31131782945736436,0.2970542635658915,0.8477833333333333,0.0007944709268086714,158944,967,20089,0.9630435876786793,0.8810754912099276,0.8856090397730101,0.5837651122625216,0.0,0.24444444444444444,0.8714267066962538,0.9822656937791904,0.9596,0.9602666666666667,0.9638,0.9607333333333333,0.9625333333333334,0.9566666666666667,0.9626666666666667,0.9528666666666666,0.9385333333333333,0.946,0.9462666666666667,0.9376,0.0,460.8935902118683,10.30658839397269
Win32,moe_plain,359994,0.9973276504278538,0.9975474835756138,0.9547944444444444,0.8535222222222222,0.4886821705426357,0.4803100775193798,0.9484611111111111,0.00846694889829661,0.3234108527131783,0.31968992248062017,0.8465222222222222,0.0008666955565185507,158944,967,20089,0.9638740688544393,0.8821096173733195,0.886455274030564,0.5846286701208981,0.0,0.24666666666666667,0.8740590871513727,0.9824820567915603,0.9615333333333334,0.9635333333333334,0.9636,0.9619333333333333,0.9636666666666667,0.9562,0.9636,0.9526666666666667,0.9401333333333334,0.9463333333333334,0.947,0.9373333333333334,0.0,529.3012647628784,17.948128567433795
Win32,proto_plain,359994,0.9975104215973867,0.9976997892582355,0.9555277777777778,0.8691722222222222,0.48589147286821704,0.4781395348837209,0.9496888888888889,0.00839472426858673,0.32155038759689925,0.30604651162790697,0.8465555555555555,0.0006166872229074302,158944,967,20089,0.9645787195490235,0.8841778697001034,0.887102394345164,0.581174438687392,0.2222222222222222,0.24333333333333335,0.8759517904538137,0.9827804885327603,0.9628666666666666,0.9649333333333333,0.9656,0.9626666666666667,0.9644666666666667,0.9571333333333333,0.9623333333333334,0.9535333333333333,0.9397333333333333,0.9459333333333333,0.947,0.9398,0.0,650.8101258277893,17.919980798219875
Win64,gtformer_plain,119993,0.9979435275782175,0.9981673940061608,0.9732666666666666,0.8718833333333333,0.5257985257985258,0.5036855036855037,0.9710166666666666,0.009234410681246145,0.12776412776412777,0.13636363636363635,0.8799833333333333,0.0010501225142933342,46046,1225,12729,0.9784997611084567,0.953469387755102,0.9552989237174955,0.5981873111782477,0.15384615384615385,0.4851063829787234,0.9441998028261583,0.9828737300435414,0.9712,0.9674,0.9686,0.9694,0.979,0.9748,0.9742,0.9658,0.9824,0.9812,0.9754,0.9674,0.0,561.110503911972,7.992749746949756
Win64,mlp_mlp_plain,119993,0.9978079071725036,0.9980543455878651,0.9735333333333334,0.86195,0.5085995085995086,0.49017199017199015,0.97115,0.009067724567866252,0.10196560196560196,0.11056511056511056,0.87125,0.0010501225142933342,46046,1225,12729,0.9788689571298267,0.9518367346938775,0.9561630921517794,0.5800604229607251,0.15384615384615385,0.46808510638297873,0.9470916858363457,0.9824718097577314,0.9744,0.968,0.9694,0.9692,0.9752,0.9778,0.9736,0.965,0.9818,0.9822,0.9766,0.9688,0.0,460.8935902118683,8.799144315726359
Win64,moe_plain,119993,0.9976518885536646,0.9979246204324507,0.9731166666666666,0.8581333333333333,0.5135135135135135,0.504914004914005,0.97225,0.00966779457603387,0.10442260442260443,0.14373464373464373,0.8810666666666667,0.001350157518377144,46046,1225,12729,0.9779785431959345,0.9542857142857143,0.9573415036530757,0.5740181268882175,0.23076923076923078,0.4787234042553192,0.9455142951035163,0.9824941386624986,0.9752,0.967,0.9714,0.9688,0.9774,0.9756,0.973,0.9654,0.983,0.98,0.9758,0.9648,0.0,529.3012647628784,16.019104566098267
Win64,proto_plain,119993,0.9977621775318231,0.9980590011321432,0.9733166666666667,0.8741333333333333,0.4914004914004914,0.4828009828009828,0.9728166666666667,0.009734469021385828,0.10073710073710074,0.13513513513513514,0.8918,0.0011834714049972497,46046,1225,12729,0.9789775441949355,0.9542857142857143,0.9546704375834708,0.56797583081571,0.23076923076923078,0.44468085106382976,0.9451856720341768,0.9828737300435414,0.9742,0.9692,0.9702,0.9666,0.9782,0.9766,0.9736,0.9652,0.9806,0.9818,0.9768,0.9668,0.0,650.8101258277893,16.19852501306493
