format,group,feature,index,mean_abs_shap,mean_shap
Win32,benign,header[43],739,1.1840247742392034,-0.8789128189923803
Win32,benign,pefilewarnings[67],2547,0.9404711165584607,-0.8988395225105675
Win32,benign,header[24],720,0.8052137074887689,-0.6030467060633119
Win32,benign,authenticode[6],2478,0.6267050757920734,-0.3588717652094431
Win32,benign,authenticode[5],2477,0.49462519969991325,-0.4691691222470659
Win32,benign,datadirectories[12],2417,0.37319629803350785,-0.28880086413188566
Win32,benign,datadirectories[8],2413,0.3398328574797656,-0.18303314479092364
Win32,benign,section[3],773,0.31418381920681193,-0.27504153966429834
Win32,benign,header[26],722,0.27627843050178685,-0.186746016196747
Win32,benign,pefilewarnings[0],2480,0.27550398284657157,0.2589907204430405
Win32,benign,datadirectories[3],2408,0.22439085469793615,-0.17984621492936095
Win32,benign,datadirectories[0],2405,0.22238866619292325,-0.09887032015002918
Win32,benign,header[0],696,0.21754702744802648,0.05929668683808411
Win32,benign,header[28],724,0.18509876452668136,-0.0635981713171338
Win32,benign,section[152],922,0.16431403216057158,-0.14331085523354684
Win32,malware,pefilewarnings[67],2547,1.2554649810248895,0.5614421462111691
Win32,malware,header[43],739,0.8050939785752357,0.6385314610009181
Win32,malware,section[3],773,0.3831897323269415,0.1883090958580642
Win32,malware,authenticode[6],2478,0.35810049056222554,0.29319686450382443
Win32,malware,header[28],724,0.33401444742734826,0.2371319831154102
Win32,malware,section[152],922,0.324871267059381,0.14745042122059349
Win32,malware,datadirectories[4],2409,0.2804651633941787,0.10752404249279804
Win32,malware,datadirectories[8],2413,0.2595774538318463,0.17216598115525603
Win32,malware,header[0],696,0.24811986834712732,0.10444688587366598
Win32,malware,datadirectories[12],2417,0.23075213194934505,0.13142736461478985
Win32,malware,section[223],993,0.20814050669069237,0.11842138032642503
Win32,malware,section[154],924,0.2033926096564711,0.08277391401637292
Win32,malware,header[24],720,0.20201040842784052,0.19435053151048348
Win32,malware,section[221],991,0.18691289861894025,0.16498910193402794
Win32,malware,authenticode[5],2477,0.17874976530617304,0.06570533892127375
Win32,challenge,pefilewarnings[67],2547,0.7497052901339483,-0.7204214488138592
Win32,challenge,header[43],739,0.6573667242366056,0.4778614169658531
Win32,challenge,header[28],724,0.40183946810557003,0.11284394840885453
Win32,challenge,authenticode[6],2478,0.35542723490855743,-0.09811688501580754
Win32,challenge,datadirectories[8],2413,0.33726585335504017,0.08715653957285835
Win32,challenge,authenticode[5],2477,0.3340001191288648,-0.27218030705046886
Win32,challenge,section[223],993,0.31851501022391476,0.018086650523789397
Win32,challenge,section[221],991,0.24047131410928554,0.16958158277430374
Win32,challenge,general[0],0,0.2321876578695433,-0.21752894826573704
Win32,challenge,datadirectories[10],2415,0.227007358060831,-0.1858063777739218
Win32,challenge,section[152],922,0.2115845250019453,-0.20539742001874592
Win32,challenge,header[26],722,0.1838476190701887,0.15018284177689895
Win32,challenge,datadirectories[12],2417,0.17631888962020661,0.04029707864169473
Win32,challenge,section[3],773,0.17357196343144185,-0.14158523288703664
Win32,challenge,header[24],720,0.17147438830784903,0.17012245060678963
Win64,benign,header[43],739,0.9697361948052861,-0.6556193573757257
Win64,benign,datadirectories[0],2405,0.9086889065345916,-0.562623675477076
Win64,benign,authenticode[6],2478,0.899895669251964,-0.5195317222868959
Win64,benign,datadirectories[8],2413,0.40543475321076966,-0.24766951286157962
Win64,benign,pefilewarnings[67],2547,0.3989507054485026,-0.3653859235779339
Win64,benign,authenticode[7],2479,0.350646268866336,-0.2617395641549515
Win64,benign,authenticode[5],2477,0.29441517273624224,-0.26840308397243245
Win64,benign,datadirectories[12],2417,0.2517223970575126,-0.16745702266895315
Win64,benign,section[66],836,0.23218972508755792,-0.2273759679833118
Win64,benign,header[10],706,0.21101428757954954,-0.007772330849919894
Win64,benign,datadirectories[4],2409,0.20516190827545533,-0.06707695657584099
Win64,benign,strings[84],603,0.19174228218701692,-0.14389422820347858
Win64,benign,header[28],724,0.17662415672134799,0.004708130995165533
Win64,benign,exports[0],2276,0.16484004256298093,-0.10652888738882145
Win64,benign,section[5],775,0.15852633638988325,-0.08216488690420548
Win64,malware,pefilewarnings[67],2547,0.8214537152756939,0.4904201680411044
Win64,malware,header[43],739,0.7807706800385814,0.6706307936083923
Win64,malware,datadirectories[0],2405,0.7727173137248916,0.6274785587461928
Win64,malware,authenticode[6],2478,0.4248215497538091,0.36974351852054343
Win64,malware,section[3],773,0.37554736264233723,0.2258670920511471
Win64,malware,header[10],706,0.3692612359262947,0.03699203674805928
Win64,malware,section[5],775,0.3207449061173955,0.21621090840877022
Win64,malware,datadirectories[4],2409,0.2909670249305918,0.1559396158759459
Win64,malware,header[28],724,0.2787434615686908,0.22240408510027238
Win64,malware,datadirectories[8],2413,0.2781379685573644,0.2152459652262331
Win64,malware,section[66],836,0.2729604865404407,0.024131260704838866
Win64,malware,histogram[0],7,0.26902802067171033,0.2028428514276498
Win64,malware,datadirectories[12],2417,0.2528102550367478,0.19662078604926156
Win64,malware,strings[99],618,0.1945298365122289,0.16874854442224782
Win64,malware,section[104],874,0.19192234604384567,0.13527836905174878
Win64,challenge,datadirectories[0],2405,0.9060783666885404,-0.007375364483467469
Win64,challenge,header[43],739,0.8066175198943325,0.29627320632455223
Win64,challenge,authenticode[6],2478,0.5938174777928414,0.09797766149447075
Win64,challenge,pefilewarnings[67],2547,0.4147092091591175,-0.3171770922929896
Win64,challenge,datadirectories[8],2413,0.2917190710469948,-0.0013026604788554971
Win64,challenge,header[10],706,0.27153462715114357,0.06851731309070157
Win64,challenge,header[28],724,0.25268340517116966,0.1516594863234035
Win64,challenge,datadirectories[12],2417,0.2381416981858376,-0.013299790734062162
Win64,challenge,authenticode[7],2479,0.23392322194628445,-0.04164900861799683
Win64,challenge,datadirectories[4],2409,0.22985421054822755,-0.012496924171362184
Win64,challenge,histogram[122],129,0.21934306127418401,-0.18928529538587932
Win64,challenge,section[5],775,0.19323272837566777,-0.05610606171736681
Win64,challenge,section[66],836,0.18766240864759792,-0.1755437557203567
Win64,challenge,strings[84],603,0.17108480322383213,-0.08433834484302954
Win64,challenge,strings[52],571,0.16890410764849137,-0.09961925224024393
Dot_Net,benign,header[43],739,2.6500426559361765,-2.1306349227373222
Dot_Net,benign,header[28],724,0.7139798944912682,-0.48232781964828686
Dot_Net,benign,authenticode[6],2478,0.6040454739596731,-0.4853434508255802
Dot_Net,benign,imports[618],1612,0.5377743943329084,-0.4547047284260427
Dot_Net,benign,header[26],722,0.3890692657362973,-0.21020107726366122
Dot_Net,benign,datadirectories[13],2418,0.3842429601811967,-0.19085461113779698
Dot_Net,benign,authenticode[5],2477,0.34915990230133365,-0.32133079599592573
Dot_Net,benign,strings[162],681,0.34301461322619325,-0.10148138182062996
Dot_Net,benign,datadirectories[12],2417,0.3248343341588471,-0.18409042461231487
Dot_Net,benign,datadirectories[8],2413,0.31482105375924235,-0.24423949785390758
Dot_Net,benign,strings[131],650,0.3106749557725861,-0.1203457582054063
Dot_Net,benign,header[6],702,0.31006177826996983,-0.24994064935609833
Dot_Net,benign,strings[113],632,0.2992828588853361,-0.1616441267200277
Dot_Net,benign,strings[171],690,0.29552743026392453,-0.13158291420972737
Dot_Net,benign,section[154],924,0.28787800207296393,-0.1768917123801815
Dot_Net,malware,header[43],739,2.866701710661869,2.464058247592037
Dot_Net,malware,datadirectories[13],2418,0.8130784498688006,0.25345583986198317
Dot_Net,malware,header[28],724,0.5443504609674877,0.29733923566904746
Dot_Net,malware,imports[618],1612,0.5253385521464417,0.3232405005379517
Dot_Net,malware,section[154],924,0.49968558076582786,0.40555010595038943
Dot_Net,malware,header[6],702,0.4349426830698873,0.30078904424904696
Dot_Net,malware,header[26],722,0.4001410276520844,0.2525336254212275
Dot_Net,malware,section[221],991,0.3714634591941707,0.1962228958372309
Dot_Net,malware,strings[113],632,0.3276655254525787,0.13462346640772443
Dot_Net,malware,header[0],696,0.31881961728570357,0.18210542910333485
Dot_Net,malware,datadirectories[12],2417,0.31794209336654106,0.20086214093057228
Dot_Net,malware,strings[131],650,0.31703065432662236,0.11167408811371723
Dot_Net,malware,header[46],742,0.31585945887923234,0.05981956260088255
Dot_Net,malware,strings[171],690,0.2977584980025569,0.15274697756737304
Dot_Net,malware,strings[162],681,0.2910010331135371,0.16181676643794157
Dot_Net,challenge,header[43],739,2.318917741723975,-1.210105268728582
Dot_Net,challenge,datadirectories[28],2433,0.8761861231908743,0.8667640613303309
Dot_Net,challenge,header[28],724,0.6028598225824542,0.2375675861376713
Dot_Net,challenge,strings[113],632,0.5852373162379748,0.46813721988076346
Dot_Net,challenge,imports[618],1612,0.49642404271547313,-0.3528492776045401
Dot_Net,challenge,strings[162],681,0.44413929866566343,0.3780071053907526
Dot_Net,challenge,header[26],722,0.43199492747341606,0.249421061810985
Dot_Net,challenge,datadirectories[13],2418,0.42431753791503957,-0.3589966683635176
Dot_Net,challenge,strings[155],674,0.3880710093250058,0.28829253054797094
Dot_Net,challenge,strings[77],596,0.37374883444114354,0.28951962499064476
Dot_Net,challenge,strings[123],642,0.33368825514119,0.28447831362086506
Dot_Net,challenge,authenticode[6],2478,0.33240016697882635,0.039596176496619964
Dot_Net,challenge,strings[131],650,0.2966038365534771,-0.053871972433302606
Dot_Net,challenge,header[6],702,0.29296918242767844,-0.15271776470168405
Dot_Net,challenge,section[154],924,0.2663947666233565,-0.019945000445391107
APK,benign,histogram[33],40,0.4368498099855701,-0.07571787615535008
APK,benign,strings[118],637,0.2694102558150394,-0.0986306875193162
APK,benign,strings[133],652,0.23842653799041633,-0.138864272363864
APK,benign,strings[167],686,0.21526120527950374,-0.0760108059831352
APK,benign,strings[98],617,0.19877411481067256,-0.1471105552683307
APK,benign,strings[165],684,0.18629614702459446,-0.11734568921797624
APK,benign,strings[131],650,0.18163423457503095,-0.03246823854796979
APK,benign,strings[92],611,0.17067271296233086,-0.09520086437891463
APK,benign,strings[162],681,0.16026998100542073,-0.10286441608123342
APK,benign,histogram[20],27,0.15990744953691616,-0.04149669689540117
APK,benign,byteentropy[52],315,0.14743158435176515,-0.029404039286148403
APK,benign,byteentropy[255],518,0.14386371463827877,-0.11161543310229365
APK,benign,histogram[64],71,0.14305414555015317,-0.07613327598367829
APK,benign,byteentropy[161],424,0.14223089390283822,0.017474846963672075
APK,benign,strings[16],535,0.13823059794689244,-0.044151017563281963
APK,malware,histogram[33],40,0.3940673596699365,0.10024115376108501
APK,malware,strings[118],637,0.3287653189681574,0.17885788675280564
APK,malware,strings[165],684,0.26087409627392066,0.1248165808664887
APK,malware,strings[167],686,0.24421688846495923,0.14800203104931683
APK,malware,strings[133],652,0.23307951957286002,0.10855574598263763
APK,malware,byteentropy[52],315,0.18121125773492908,0.055942271675577845
APK,malware,strings[162],681,0.17884505851451532,0.08725659903132993
APK,malware,histogram[20],27,0.17848342875118958,0.06788525609729146
APK,malware,byteentropy[0],263,0.16949215099070558,0.06117697567125406
APK,malware,strings[92],611,0.16239145983207878,0.053704954366472026
APK,malware,strings[131],650,0.16168379070120642,-0.03386992532134665
APK,malware,byteentropy[68],331,0.14892337693956992,-0.010160270641871484
APK,malware,byteentropy[161],424,0.14063989441178731,0.004603729215501147
APK,malware,strings[155],674,0.12576139716264104,0.04701164148455235
APK,malware,byteentropy[177],440,0.1221330788884476,0.01648182261217975
APK,challenge,histogram[33],40,0.4275153928594702,-0.11702963079691141
APK,challenge,strings[118],637,0.3356222857230602,0.02799795118596133
APK,challenge,strings[133],652,0.2441591541419704,-0.053068209644650435
APK,challenge,histogram[20],27,0.21233750829445938,-0.09183815652453675
APK,challenge,strings[167],686,0.21201476961380633,0.014615878856522576
APK,challenge,byteentropy[52],315,0.20960915806967015,0.14332265755439733
APK,challenge,strings[165],684,0.19796726950495366,0.0330108349729558
APK,challenge,strings[162],681,0.18166438521911057,-0.031248219582850786
APK,challenge,strings[131],650,0.16950365641258355,0.009640022685300339
APK,challenge,byteentropy[161],424,0.13032745288500902,0.05723809177820691
APK,challenge,byteentropy[144],407,0.12450941731946313,-0.06485216220376183
APK,challenge,strings[92],611,0.12380267630356713,0.01111348781035181
APK,challenge,strings[122],641,0.11996792387243131,0.04074979859859562
APK,challenge,histogram[64],71,0.11876263803488749,-0.010324358272927131
APK,challenge,byteentropy[68],331,0.1129354661225047,0.06868264573627664
ELF,benign,strings[18],537,0.7159573881156504,-0.3485632231149099
ELF,benign,strings[144],663,0.5627663632843163,-0.35862077413342086
ELF,benign,strings[106],625,0.5224944839806787,-0.12647247760199443
ELF,benign,strings[66],585,0.47541585634452854,-0.2765136753430435
ELF,benign,strings[104],623,0.473657417208616,-0.18594731909920795
ELF,benign,strings[149],668,0.4398921142275999,-0.15562377429880714
ELF,benign,histogram[64],71,0.30981297918787226,-0.14219734131815046
ELF,benign,strings[1],520,0.3043916756820973,-0.16295901496003767
ELF,benign,strings[122],641,0.2660166799770332,-0.20859245924548603
ELF,benign,strings[124],643,0.259367152646297,-0.14409873119116504
ELF,benign,strings[105],624,0.2552223502734148,-0.02527838505286211
ELF,benign,strings[146],665,0.23358383498222007,-0.14620855371955555
ELF,benign,strings[100],619,0.2302409032682237,-0.041662974808446544
ELF,benign,strings[108],627,0.2150281823351305,0.03814402026543995
ELF,benign,strings[68],587,0.21360849156958853,-0.08923939232639198
ELF,malware,strings[18],537,0.8373161655003285,0.5385666767152157
ELF,malware,strings[66],585,0.7941872637924797,0.596945570979718
ELF,malware,strings[144],663,0.7172396495939376,0.28508729778071146
ELF,malware,strings[106],625,0.5430316028439391,0.2599389031535757
ELF,malware,strings[104],623,0.5405751465750858,0.3250473632763819
ELF,malware,strings[149],668,0.531254844044913,0.24356085179176357
ELF,malware,strings[1],520,0.49661745184211653,0.36189814899982437
ELF,malware,strings[42],561,0.3846675053003583,0.2523329183590842
ELF,malware,strings[105],624,0.31602844982463024,0.20425790602555458
ELF,malware,histogram[64],71,0.2718926606728495,0.1944414175968329
ELF,malware,histogram[95],102,0.2273959076652684,0.15081818007550551
ELF,malware,strings[124],643,0.21059225797976794,0.12791090710342454
ELF,malware,strings[120],639,0.2088553257232509,0.10194652605971553
ELF,malware,strings[146],665,0.20866317516002247,0.1233673183058736
ELF,malware,strings[68],587,0.20208662438170907,0.12866884675839915
ELF,challenge,strings[18],537,0.8414156664588928,-0.062451462743684946
ELF,challenge,strings[144],663,0.565161606040483,-0.19468850364452261
ELF,challenge,strings[106],625,0.5460693605265832,0.10417472412103367
ELF,challenge,strings[104],623,0.4640319833671177,-0.07400303062759049
ELF,challenge,strings[149],668,0.46372953812522905,0.0022721554254269325
ELF,challenge,strings[66],585,0.4140323438583035,-0.06171823420988637
ELF,challenge,strings[42],561,0.3348718796193853,0.2012483793526038
ELF,challenge,strings[1],520,0.2941271899137489,0.018702402563630153
ELF,challenge,strings[105],624,0.2656814625740557,0.041658062200665834
ELF,challenge,strings[124],643,0.22607246354463564,0.06443573007612367
ELF,challenge,strings[108],627,0.22029605749176212,0.09110570402576641
ELF,challenge,strings[120],639,0.21512822330488068,0.031225794361435282
ELF,challenge,strings[68],587,0.20931838201552222,-0.04369029585061667
ELF,challenge,histogram[64],71,0.1967549343714525,0.03026255884932491
ELF,challenge,strings[146],665,0.19037242517989728,-0.0313881798094782
PDF,benign,strings[103],622,2.8213063891955104,-2.0410560576272214
PDF,benign,strings[125],644,0.6947270234890284,-0.6061684189292156
PDF,benign,strings[146],665,0.6452599640748685,-0.4422837233043661
PDF,benign,strings[0],519,0.5710006969602051,-0.39782096527226757
PDF,benign,strings[71],590,0.3704823465041976,-0.3249615187879249
PDF,benign,strings[2],521,0.3335251748946319,-0.22098811297508825
PDF,benign,general[0],0,0.3260513555554013,-0.20200897415631974
PDF,benign,strings[83],602,0.2812969510918695,-0.25379535377367596
PDF,benign,strings[131],650,0.23007498923422368,-0.20110490041752868
PDF,benign,strings[165],684,0.22444103270477136,-0.12637739264176784
PDF,benign,strings[102],621,0.21625949353056967,-0.19947105392070033
PDF,benign,strings[41],560,0.20587539891554232,-0.1850236618065705
PDF,benign,byteentropy[64],327,0.19601154238934446,-0.14907288000185007
PDF,benign,strings[145],664,0.19365680252932468,-0.13644842545777786
PDF,benign,strings[170],689,0.17884754227836885,-0.1349320804422488
PDF,malware,strings[103],622,3.6638163630239196,2.332455951157032
PDF,malware,strings[146],665,0.9117875649013781,0.5845067783256662
PDF,malware,strings[125],644,0.47194980652701674,-0.038631522624258424
PDF,malware,strings[131],650,0.3050259292557863,0.015041854286501703
PDF,malware,strings[0],519,0.2880151424472069,0.25015650392017874
PDF,malware,general[0],0,0.24264503265663756,0.2301079702535745
PDF,malware,histogram[39],46,0.22104226932511084,0.10879233861607793
PDF,malware,strings[145],664,0.22090422630294115,-0.1744400697122638
PDF,malware,strings[2],521,0.21290389144130845,0.1892849296468867
PDF,malware,strings[71],590,0.20837207715871986,0.12999570572913544
PDF,malware,strings[83],602,0.1899375270943461,0.0498289201533228
PDF,malware,strings[20],539,0.17453105565650492,0.060322313991752065
PDF,malware,strings[24],543,0.1586111522738369,0.07043319810703112
PDF,malware,strings[170],689,0.15348634905357586,0.07889159873590203
PDF,malware,strings[41],560,0.1361798671542973,-0.004630821861639117
PDF,challenge,strings[103],622,3.044385127981465,0.30816662635729997
PDF,challenge,strings[146],665,0.8083216512162067,-0.010815922997591017
PDF,challenge,strings[0],519,0.5626604907739446,0.38063720350570374
PDF,challenge,strings[125],644,0.445994763010504,0.018799459331644508
PDF,challenge,strings[165],684,0.3785786605107091,0.16532852969805478
PDF,challenge,strings[41],560,0.3226385082776313,-0.27284694332247816
PDF,challenge,strings[131],650,0.3110277592388851,-0.02069591095480033
PDF,challenge,general[0],0,0.2968423042907857,0.230526715620952
PDF,challenge,strings[2],521,0.29416120604350326,0.19812301126857793
PDF,challenge,strings[71],590,0.2810905670332748,-0.1437192815546751
PDF,challenge,strings[83],602,0.26785136473284343,-0.14304926303155166
PDF,challenge,strings[145],664,0.24787695745380872,-0.16112705460702578
PDF,challenge,strings[170],689,0.1846346739182441,-0.15413324293631095
PDF,challenge,strings[173],692,0.1807102881542622,-0.06928252853900782
PDF,challenge,strings[20],539,0.1667456026882436,-0.04223741759018407
